setup	sample_idx	sample_id	readiness_strength	asymmetry	row_entropy	top1_mass	top4_mass	argmax_dist	p_nbr_le1	locality_score	local_greedy_dist	directionality	out_degree_std	in_degree_std
e2_large	0	212188	25.90275	1.151774	0.909243	0.06193	0.200393	5.1875	0.046875	0.027344	5.888889	0.28125	0.275632	0.102964
e2_large	1	299036	28.39266	1.246066	0.891831	0.068059	0.218214	4.984375	0.078125	0.06543	5.269841	0.234375	0.301928	0.102236
e2_large	2	475978	25.73248	1.202417	0.901154	0.06418	0.208547	5.015625	0.0625	0.05957	5.222222	0.234375	0.266639	0.096487
e2_large	3	588988	27.539262	1.195268	0.902531	0.06207	0.204764	5.640625	0.046875	0.0	5.571429	0.265625	0.294482	0.101881
e2_large	4	138859	25.654496	1.181388	0.904829	0.063991	0.209373	5.953125	0.015625	0.0	5.634921	0.234375	0.27653	0.087634
e2_large	5	764498	29.517672	1.250486	0.888531	0.066866	0.2188	4.890625	0.03125	0.083008	5.095238	0.203125	0.31145	0.105119
e2_large	6	337706	28.624964	1.210576	0.898087	0.065844	0.208432	5.625	0.046875	0.0	5.52381	0.21875	0.306821	0.104239
e2_large	7	257163	24.738682	1.203148	0.892774	0.068338	0.222353	5.453125	0.0625	0.0	4.904762	0.234375	0.261103	0.093157
e2_large	8	632647	26.595375	1.193461	0.897787	0.065137	0.210391	5.5625	0.046875	0.0	5.349206	0.25	0.278026	0.109847
e2_large	9	517320	25.667796	1.191969	0.896601	0.065466	0.213013	5.515625	0.046875	0.0	5.238095	0.28125	0.27009	0.091209
e2_large	10	53867	25.804349	1.192823	0.898625	0.064994	0.212258	5.484375	0.046875	0.0	5.444444	0.25	0.273301	0.099469
e2_large	11	501703	27.60757	1.217531	0.899841	0.063258	0.208824	5.4375	0.0625	0.0	5.380952	0.25	0.291067	0.102401
e2_large	12	722280	27.966453	1.201747	0.902193	0.064722	0.212002	5.0625	0.0625	0.050781	4.730159	0.21875	0.299816	0.100435
e2_large	13	689644	22.983411	1.190801	0.904079	0.064065	0.208941	5.375	0.015625	0.0	5.349206	0.234375	0.24212	0.092492
e2_large	14	220424	26.252256	1.201813	0.898368	0.064569	0.209921	5.734375	0.03125	0.0	5.698413	0.25	0.27305	0.101585
e2_large	15	221365	24.365296	1.216627	0.896396	0.06673	0.216163	5.5	0.03125	0.0	5.809524	0.265625	0.255156	0.091859
e2_large	16	666661	25.732874	1.197065	0.90365	0.062422	0.204518	5.25	0.0625	0.015625	4.84127	0.21875	0.271675	0.098588
e2_large	17	766729	25.847172	1.235093	0.891722	0.067043	0.216821	5.921875	0.03125	0.0	5.904762	0.265625	0.272075	0.09603
e2_large	18	393371	25.790571	1.204926	0.905546	0.060808	0.201279	5.09375	0.0625	0.044922	5.079365	0.21875	0.275176	0.097065
e2_large	19	763584	27.260246	1.213309	0.897226	0.063793	0.209399	4.96875	0.078125	0.068359	4.761905	0.25	0.283302	0.107114
e2_large	20	603776	27.329752	1.203421	0.899821	0.066179	0.212162	5.15625	0.046875	0.033203	5.365079	0.21875	0.293938	0.10282
e2_large	21	619790	26.455628	1.176066	0.90139	0.064244	0.207372	5.53125	0.078125	0.0	5.460317	0.234375	0.274975	0.097423
e2_large	22	748239	26.069771	1.195594	0.900698	0.064177	0.210083	5.375	0.03125	0.0	4.984127	0.234375	0.268367	0.102822
e2_large	23	496290	23.006775	1.196576	0.897595	0.068557	0.218267	5.671875	0.03125	0.0	5.587302	0.21875	0.241309	0.096867
e2_large	24	298474	24.764788	1.208708	0.895884	0.06607	0.215657	5.3125	0.046875	0.003906	4.873016	0.296875	0.257213	0.100326
e2_large	25	186184	24.142124	1.184318	0.901259	0.063411	0.207256	5.078125	0.0625	0.047852	5.0	0.25	0.250557	0.099619
e2_large	26	13118	26.776868	1.205118	0.902551	0.063417	0.20432	5.234375	0.046875	0.018555	4.920635	0.25	0.285094	0.106293
e2_large	27	405703	27.48164	1.234969	0.893085	0.063082	0.213576	4.796875	0.078125	0.100586	4.857143	0.21875	0.285552	0.114837
e2_large	28	564350	25.150528	1.168181	0.906985	0.06151	0.203047	5.109375	0.078125	0.041992	5.095238	0.234375	0.266776	0.094729
e2_large	29	557362	27.195273	1.225645	0.885941	0.065509	0.216599	5.046875	0.046875	0.053711	5.142857	0.203125	0.284546	0.107572
e2_large	30	209303	27.910583	1.188754	0.902187	0.061762	0.201752	5.40625	0.046875	0.0	5.380952	0.328125	0.29121	0.114482
e2_large	31	108492	27.369938	1.212868	0.896497	0.063483	0.208933	5.578125	0.046875	0.0	5.634921	0.265625	0.282983	0.109691
e2_large	32	82329	33.181296	1.281959	0.881748	0.068338	0.221822	5.5	0.03125	0.0	5.31746	0.25	0.352861	0.114223
e2_large	33	734779	29.576005	1.210813	0.899431	0.064832	0.207386	5.015625	0.015625	0.05957	5.666667	0.203125	0.306074	0.115279
e2_large	34	203929	22.307866	1.155412	0.910763	0.060434	0.200956	5.390625	0.046875	0.0	5.444444	0.203125	0.237011	0.092842
e2_large	35	465228	26.685843	1.235564	0.888615	0.066429	0.218801	5.515625	0.0625	0.0	5.666667	0.21875	0.283978	0.0948
e2_large	36	735817	27.248662	1.220375	0.898502	0.063719	0.207716	5.71875	0.046875	0.0	5.698413	0.234375	0.283395	0.113102
e2_large	37	718211	25.089075	1.243257	0.892183	0.068241	0.217195	5.21875	0.078125	0.021484	5.15873	0.203125	0.25978	0.100744
e2_large	38	263219	27.291767	1.20126	0.894221	0.065493	0.214872	4.984375	0.046875	0.06543	4.857143	0.21875	0.290847	0.093387
e2_large	39	444011	26.589957	1.178	0.903095	0.062242	0.204763	5.75	0.046875	0.0	5.238095	0.234375	0.279151	0.107554
e2_large	40	392219	24.223057	1.183892	0.906616	0.060734	0.200428	5.046875	0.046875	0.053711	5.301587	0.234375	0.256926	0.096195
e2_large	41	556725	29.831665	1.244958	0.891398	0.066813	0.2148	5.21875	0.046875	0.021484	5.31746	0.25	0.31879	0.114748
e2_large	42	481318	27.676641	1.234582	0.898752	0.063616	0.209817	5.515625	0.046875	0.0	5.666667	0.234375	0.28878	0.108218
e2_large	43	443666	26.520783	1.178212	0.898987	0.064985	0.208864	5.09375	0.078125	0.044922	4.952381	0.28125	0.280943	0.104907
e2_large	44	325297	25.444986	1.211854	0.893739	0.070195	0.218285	5.296875	0.03125	0.006836	5.412698	0.25	0.268266	0.090672
e2_large	45	722634	22.766003	1.194348	0.898132	0.065526	0.216226	5.625	0.078125	0.0	5.396825	0.265625	0.237121	0.093113
e2_large	46	515933	26.647841	1.164434	0.909451	0.06141	0.198073	4.859375	0.0625	0.088867	5.031746	0.265625	0.286434	0.097827
e2_large	47	627060	27.136421	1.182558	0.900361	0.064503	0.208791	4.90625	0.015625	0.080078	4.714286	0.21875	0.285813	0.102494
e2_large	48	215351	26.219357	1.22054	0.892636	0.066155	0.215938	5.3125	0.0625	0.003906	5.365079	0.25	0.268251	0.111722
e2_large	49	257371	27.980253	1.26189	0.891994	0.065028	0.212613	5.46875	0.0625	0.0	5.206349	0.234375	0.28759	0.106744
e2_large	50	497883	25.62618	1.200626	0.903246	0.0636	0.206828	5.390625	0.015625	0.0	5.555556	0.234375	0.276857	0.096801
e2_large	51	584057	25.919636	1.212	0.894165	0.065998	0.214754	5.1875	0.09375	0.027344	5.333333	0.234375	0.272337	0.094861
e2_large	52	294246	26.801574	1.186053	0.902695	0.063521	0.2057	5.578125	0.078125	0.0	5.714286	0.265625	0.285712	0.096476
e2_large	53	651272	26.43033	1.222838	0.894367	0.065598	0.21256	5.171875	0.046875	0.030273	4.936508	0.265625	0.278246	0.100281
e2_large	54	308061	28.372022	1.219152	0.896777	0.063158	0.211947	4.90625	0.109375	0.080078	5.444444	0.234375	0.295356	0.106863
e2_large	55	301354	29.034863	1.222409	0.89826	0.062408	0.206009	5.34375	0.015625	0.0	5.15873	0.265625	0.305375	0.110334
e2_large	56	481161	26.729816	1.217832	0.893855	0.07014	0.220802	5.359375	0.0	0.0	5.492063	0.234375	0.284589	0.098305
e2_large	57	480827	22.08802	1.190576	0.902527	0.065814	0.212156	5.609375	0.046875	0.0	5.650794	0.265625	0.234995	0.086181
e2_large	58	636624	24.137906	1.182111	0.904818	0.062585	0.206595	5.3125	0.078125	0.003906	5.460317	0.203125	0.253995	0.100171
e2_large	59	795507	25.275517	1.205393	0.897578	0.065435	0.212789	5.109375	0.0625	0.041992	5.0	0.25	0.263928	0.10123
e2_large	60	429556	24.775281	1.170991	0.905432	0.064969	0.210533	4.953125	0.046875	0.071289	4.746032	0.234375	0.265535	0.090657
e2_large	61	446465	27.675229	1.195849	0.90199	0.064826	0.209512	5.109375	0.03125	0.041992	5.126984	0.265625	0.297893	0.096601
e2_large	62	434483	26.731628	1.177221	0.897484	0.066653	0.213408	5.0625	0.046875	0.050781	4.777778	0.21875	0.289389	0.097505
e2_large	63	626575	20.920512	1.183483	0.89964	0.065443	0.213818	5.25	0.125	0.015625	5.444444	0.234375	0.217063	0.085942
e2_large	64	777557	24.011907	1.202835	0.903707	0.062011	0.202416	5.46875	0.046875	0.0	5.333333	0.265625	0.253346	0.099953
e2_large	65	386197	23.481313	1.182284	0.905107	0.061522	0.203448	5.484375	0.015625	0.0	5.555556	0.25	0.252389	0.09037
e2_large	66	111836	27.0461	1.268295	0.885687	0.06947	0.221412	5.328125	0.078125	0.000977	5.111111	0.234375	0.279681	0.10569
e2_large	67	673453	26.615153	1.184752	0.902927	0.064394	0.207535	5.296875	0.03125	0.006836	5.206349	0.21875	0.283154	0.094679
e2_large	68	458158	24.589205	1.1952	0.894777	0.065902	0.213822	5.140625	0.046875	0.036133	5.571429	0.21875	0.266572	0.09044
e2_large	69	780750	24.74186	1.17246	0.902768	0.063429	0.206423	5.6875	0.0	0.0	5.84127	0.21875	0.264438	0.097864
e2_large	70	8717	29.240287	1.254201	0.8881	0.06695	0.218377	5.90625	0.0625	0.0	5.253968	0.234375	0.31035	0.102935
e2_large	71	509097	27.880467	1.226708	0.892742	0.067461	0.217452	5.546875	0.03125	0.0	5.777778	0.234375	0.296283	0.103998
e2_large	72	105807	22.274589	1.136515	0.915765	0.057384	0.191725	5.1875	0.046875	0.027344	5.31746	0.234375	0.233004	0.089665
e2_large	73	552624	26.876993	1.215544	0.896249	0.065253	0.209904	5.234375	0.046875	0.018555	5.380952	0.234375	0.281738	0.102918
e2_large	74	242859	25.323585	1.178552	0.909353	0.060932	0.199257	5.140625	0.078125	0.036133	4.952381	0.203125	0.265055	0.108222
e2_large	75	287297	28.548122	1.280519	0.881481	0.067659	0.223502	5.640625	0.015625	0.0	5.47619	0.203125	0.291866	0.116767
e2_large	76	676175	28.302348	1.202994	0.900693	0.064761	0.209418	5.234375	0.0625	0.018555	5.301587	0.234375	0.298703	0.106837
e2_large	77	571841	27.338962	1.226273	0.897446	0.061797	0.204897	5.140625	0.046875	0.036133	4.761905	0.203125	0.282305	0.119366
e2_large	78	408429	28.522151	1.245991	0.890264	0.067494	0.216732	5.265625	0.03125	0.012695	5.063492	0.21875	0.298426	0.110875
e2_large	79	481372	23.319629	1.193057	0.899195	0.064403	0.213819	5.359375	0.0625	0.0	5.460317	0.203125	0.246828	0.089887
e2_large	80	44006	24.871325	1.173214	0.908263	0.062119	0.202158	5.484375	0.0625	0.0	5.619048	0.21875	0.265121	0.101352
e2_large	81	656029	24.386632	1.196257	0.900143	0.065798	0.206689	5.15625	0.03125	0.033203	5.126984	0.25	0.25777	0.100069
e2_large	82	117647	22.273575	1.175794	0.910254	0.06176	0.205819	5.515625	0.0625	0.0	5.619048	0.234375	0.23693	0.091415
e2_large	83	680597	26.24668	1.208459	0.897006	0.063673	0.20942	5.234375	0.109375	0.018555	4.968254	0.234375	0.280096	0.098
e2_large	84	37072	24.107301	1.176426	0.903148	0.066183	0.20897	5.59375	0.046875	0.0	5.650794	0.21875	0.259749	0.088215
e2_large	85	13510	22.969795	1.180338	0.902455	0.06619	0.212062	5.25	0.09375	0.015625	5.142857	0.28125	0.24856	0.090255
e2_large	86	68602	29.920447	1.241834	0.889586	0.066045	0.215482	4.859375	0.0625	0.088867	4.968254	0.21875	0.314654	0.106364
e2_large	87	270616	25.744673	1.214819	0.895112	0.066206	0.215574	5.265625	0.046875	0.012695	5.190476	0.1875	0.268164	0.101016
e2_large	88	684982	25.954098	1.181461	0.896902	0.065507	0.210137	5.375	0.046875	0.0	5.253968	0.265625	0.275755	0.096635
e2_large	89	28846	26.578324	1.217479	0.897994	0.062933	0.209359	5.265625	0.0625	0.012695	4.920635	0.234375	0.273651	0.104897
e2_large	90	585946	27.721419	1.197248	0.900897	0.061785	0.206416	5.234375	0.03125	0.018555	4.984127	0.28125	0.292528	0.114269
e2_large	91	309807	26.367629	1.195433	0.903423	0.061589	0.201885	4.859375	0.0625	0.088867	5.269841	0.203125	0.282482	0.098177
e2_large	92	597615	25.693	1.193424	0.897897	0.064312	0.211723	5.53125	0.046875	0.0	5.238095	0.28125	0.272919	0.09319
e2_large	93	743619	27.242695	1.195927	0.901647	0.063777	0.20553	5.390625	0.09375	0.0	5.0	0.3125	0.289936	0.104013
e2_large	94	18279	25.679897	1.175323	0.901013	0.064779	0.212191	5.234375	0.03125	0.018555	5.31746	0.234375	0.271877	0.104321
e2_large	95	679149	27.027511	1.230316	0.896546	0.063746	0.209584	4.9375	0.140625	0.074219	5.031746	0.234375	0.280675	0.103248
e2_large	96	515366	25.090355	1.175902	0.906749	0.064775	0.206423	5.515625	0.0625	0.0	5.301587	0.21875	0.26965	0.095222
e2_large	97	158674	23.938411	1.208563	0.897093	0.066362	0.214079	5.40625	0.046875	0.0	5.571429	0.21875	0.246579	0.098251
e2_large	98	515203	22.828051	1.164712	0.908549	0.062356	0.203093	4.765625	0.09375	0.106445	4.873016	0.21875	0.234905	0.095896
e2_large	99	347630	27.018646	1.204895	0.897789	0.063953	0.208112	5.171875	0.046875	0.030273	5.349206	0.21875	0.281134	0.112712
e2_large	100	59787	29.484261	1.210396	0.899855	0.06231	0.203521	5.296875	0.078125	0.006836	5.380952	0.21875	0.310492	0.114146
e2_large	101	587177	27.000264	1.270085	0.877903	0.072394	0.233194	6.0	0.03125	0.0	5.285714	0.3125	0.285013	0.102268
e2_large	102	412250	26.334644	1.174576	0.904491	0.064379	0.207521	5.390625	0.0	0.0	5.619048	0.28125	0.28219	0.096224
e2_large	103	324558	23.907904	1.153865	0.909874	0.060534	0.19827	5.4375	0.015625	0.0	5.285714	0.265625	0.249476	0.09726
e2_large	104	449575	23.72006	1.191027	0.90188	0.066159	0.210267	5.09375	0.046875	0.044922	5.190476	0.21875	0.25385	0.088938
e2_large	105	39781	24.274912	1.198526	0.89924	0.066265	0.212361	5.515625	0.0625	0.0	5.285714	0.25	0.254752	0.094955
e2_large	106	217632	26.227453	1.201834	0.906835	0.06133	0.201692	5.40625	0.015625	0.0	5.126984	0.234375	0.279308	0.099413
e2_large	107	274429	24.866335	1.197651	0.899105	0.067695	0.216058	5.515625	0.0	0.0	5.269841	0.28125	0.264484	0.086757
e2_large	108	264590	28.19499	1.225696	0.898992	0.0627	0.202162	5.140625	0.078125	0.036133	5.126984	0.21875	0.295843	0.113415
e2_large	109	150508	26.270181	1.218002	0.89572	0.064967	0.214841	5.984375	0.015625	0.0	5.460317	0.28125	0.283566	0.09196
e2_large	110	721739	24.555323	1.210901	0.897227	0.066895	0.216006	5.34375	0.078125	0.0	5.253968	0.21875	0.250892	0.096314
e2_large	111	157576	24.614337	1.165956	0.903558	0.06412	0.204304	4.890625	0.078125	0.083008	4.888889	0.1875	0.259565	0.099774
e2_large	112	56891	28.263235	1.187145	0.901485	0.064205	0.206558	5.953125	0.03125	0.0	5.333333	0.265625	0.303205	0.100597
e2_large	113	539290	25.996085	1.197094	0.900571	0.065205	0.207984	5.671875	0.0625	0.0	5.650794	0.234375	0.271771	0.10841
e2_large	114	193974	26.560247	1.187827	0.90334	0.060951	0.201117	4.96875	0.078125	0.068359	5.492063	0.3125	0.27524	0.112979
e2_large	115	780759	27.487528	1.215265	0.899026	0.064197	0.207472	5.4375	0.046875	0.0	5.460317	0.28125	0.283039	0.11126
e2_large	116	362640	24.642985	1.210025	0.898892	0.06435	0.20956	5.78125	0.046875	0.0	5.444444	0.25	0.258377	0.093379
e2_large	117	553540	25.888594	1.217809	0.89218	0.067781	0.218188	5.984375	0.015625	0.0	5.936508	0.25	0.274284	0.093086
e2_large	118	485997	28.988876	1.219193	0.897692	0.063874	0.210955	5.375	0.03125	0.0	4.730159	0.25	0.312688	0.102059
e2_large	119	46793	30.348884	1.263966	0.886141	0.065773	0.214236	5.25	0.078125	0.015625	5.142857	0.203125	0.318171	0.112191
e2_large	120	629262	27.701746	1.243315	0.891853	0.064485	0.215275	5.53125	0.0	0.0	5.555556	0.25	0.289302	0.110378
e2_large	121	611785	24.09621	1.209182	0.897118	0.064332	0.209668	5.734375	0.03125	0.0	4.920635	0.25	0.250287	0.099916
e2_large	122	301957	27.494928	1.245718	0.891875	0.068079	0.217616	5.546875	0.03125	0.0	5.412698	0.265625	0.285482	0.105837
e2_large	123	794108	26.687679	1.195705	0.900853	0.064341	0.207921	4.953125	0.046875	0.071289	5.174603	0.25	0.284037	0.102452
e2_large	124	321182	25.433865	1.228206	0.897327	0.065102	0.213991	5.09375	0.0625	0.044922	5.285714	0.265625	0.26565	0.10149
e2_large	125	421206	26.591163	1.167932	0.904737	0.062284	0.201294	5.71875	0.046875	0.0	5.920635	0.234375	0.28963	0.095193
e2_large	126	643413	23.924495	1.191325	0.896913	0.06727	0.218363	5.625	0.078125	0.0	5.142857	0.203125	0.254002	0.094001
e2_large	127	414043	23.801066	1.167144	0.905133	0.063503	0.205278	6.40625	0.0	0.0	5.666667	0.265625	0.253857	0.086777
e2_large	128	455082	25.933755	1.227774	0.88951	0.069436	0.221936	5.6875	0.03125	0.0	5.31746	0.234375	0.278332	0.092375
e2_large	129	463213	23.209304	1.214472	0.894486	0.067257	0.2196	5.203125	0.03125	0.024414	5.079365	0.265625	0.237445	0.102217
e2_large	130	311738	23.998831	1.204538	0.898313	0.063596	0.209833	5.359375	0.09375	0.0	5.365079	0.21875	0.251539	0.099115
e2_large	131	436244	26.419237	1.185518	0.908226	0.057618	0.194703	5.6875	0.078125	0.0	4.952381	0.234375	0.283194	0.101304
e2_large	132	39949	24.403898	1.15324	0.911798	0.061099	0.197563	5.203125	0.0625	0.024414	5.539683	0.28125	0.259032	0.097606
e2_large	133	325638	31.320159	1.259305	0.887086	0.065611	0.214694	5.5	0.03125	0.0	5.571429	0.265625	0.330006	0.116658
e2_large	134	127955	29.404368	1.233041	0.889232	0.065763	0.215387	4.828125	0.046875	0.094727	4.857143	0.265625	0.312274	0.106893
e2_large	135	369950	28.587749	1.216531	0.895528	0.063865	0.208411	5.484375	0.046875	0.0	5.507937	0.234375	0.30407	0.106586
e2_large	136	65574	24.291032	1.225142	0.889309	0.06881	0.223625	4.953125	0.046875	0.071289	5.238095	0.21875	0.25509	0.089593
e2_large	137	481960	25.621133	1.171484	0.906124	0.061899	0.205087	5.578125	0.0625	0.0	5.365079	0.265625	0.268162	0.098438
e2_large	138	525852	25.213806	1.198542	0.902004	0.062683	0.206854	5.4375	0.0625	0.0	5.380952	0.296875	0.267021	0.101823
e2_large	139	473420	27.994378	1.183362	0.898404	0.065053	0.210661	5.265625	0.0625	0.012695	5.206349	0.21875	0.304966	0.100464
e2_large	140	510625	24.070683	1.223745	0.894861	0.066615	0.216621	4.921875	0.109375	0.077148	5.507937	0.25	0.253591	0.094495
e2_large	141	189989	31.062703	1.241797	0.890707	0.067371	0.21753	4.515625	0.09375	0.15332	4.984127	0.203125	0.330219	0.114525
e2_large	142	477704	27.868413	1.221328	0.894171	0.065719	0.212798	5.640625	0.078125	0.0	5.412698	0.265625	0.299537	0.097671
e2_large	143	192398	29.696976	1.244611	0.892325	0.067289	0.214853	5.25	0.0625	0.015625	5.396825	0.25	0.312408	0.116383
e2_large	144	465370	26.228365	1.222524	0.896274	0.064589	0.210255	5.1875	0.078125	0.027344	4.920635	0.28125	0.280624	0.093573
e2_large	145	420566	26.983368	1.204162	0.902607	0.061561	0.204263	5.671875	0.03125	0.0	5.68254	0.21875	0.285235	0.107375
e2_large	146	610922	29.522181	1.217488	0.902848	0.060032	0.199034	5.640625	0.0625	0.0	5.253968	0.234375	0.314883	0.113917
e2_large	147	463610	27.683544	1.208288	0.902207	0.062366	0.20581	4.78125	0.109375	0.103516	5.301587	0.21875	0.295752	0.097119
e2_large	148	762337	24.694564	1.209687	0.898367	0.065917	0.213285	4.90625	0.0625	0.080078	5.15873	0.21875	0.265266	0.090176
e2_large	149	305219	30.497179	1.233182	0.891404	0.06744	0.216438	5.640625	0.046875	0.0	5.539683	0.265625	0.321616	0.112101
e2_large	150	332769	25.92729	1.246816	0.885326	0.071126	0.227763	4.96875	0.0625	0.068359	4.904762	0.21875	0.272275	0.095776
e2_large	151	243940	27.367854	1.196337	0.89867	0.066066	0.210665	5.0625	0.0625	0.050781	5.396825	0.265625	0.288387	0.110577
e2_large	152	124824	26.847547	1.218377	0.898704	0.062661	0.206817	5.25	0.078125	0.015625	5.269841	0.265625	0.281568	0.105148
e2_large	153	363092	29.411879	1.196573	0.902797	0.059408	0.196833	5.546875	0.078125	0.0	5.460317	0.21875	0.315869	0.1086
e2_large	154	532452	24.512013	1.172109	0.905905	0.064671	0.206624	5.515625	0.046875	0.0	5.460317	0.25	0.252471	0.092898
e2_large	155	3520	26.8681	1.167856	0.897804	0.0632	0.20938	4.625	0.0625	0.132812	5.111111	0.203125	0.288757	0.09811
e2_large	156	194990	25.499069	1.170354	0.907168	0.060378	0.20076	5.15625	0.03125	0.033203	5.031746	0.25	0.269821	0.099228
e2_large	157	598381	26.274716	1.160106	0.905908	0.061686	0.201116	5.6875	0.046875	0.0	5.555556	0.234375	0.279714	0.094254
e2_large	158	238879	25.448063	1.195751	0.898201	0.06479	0.212337	5.78125	0.03125	0.0	5.619048	0.234375	0.265366	0.101051
e2_large	159	167238	29.319199	1.221743	0.898684	0.063147	0.206576	6.078125	0.015625	0.0	5.793651	0.265625	0.305995	0.105463
e2_large	160	110783	25.074242	1.182376	0.899566	0.065275	0.212516	5.203125	0.0625	0.024414	5.269841	0.265625	0.264357	0.100969
e2_large	161	547692	24.987264	1.1706	0.905744	0.062228	0.202102	5.5	0.03125	0.0	5.666667	0.21875	0.262033	0.103616
e2_large	162	229581	28.043872	1.255692	0.883601	0.070294	0.226216	5.453125	0.0625	0.0	5.301587	0.234375	0.293834	0.106501
e2_large	163	1359	21.690676	1.168588	0.902626	0.06573	0.211757	5.046875	0.046875	0.053711	5.079365	0.234375	0.22493	0.094252
e2_large	164	777961	24.843009	1.165518	0.907491	0.062493	0.201282	4.78125	0.078125	0.103516	4.698413	0.25	0.266104	0.103103
e2_large	165	774315	24.398881	1.189154	0.902461	0.065171	0.21145	5.375	0.0	0.0	5.111111	0.234375	0.260325	0.096403
e2_large	166	564280	24.513808	1.188006	0.903198	0.061699	0.205934	5.203125	0.09375	0.024414	4.920635	0.25	0.257413	0.090182
e2_large	167	653300	28.07462	1.202401	0.905158	0.060718	0.199159	5.046875	0.046875	0.053711	5.0	0.25	0.29813	0.112645
e2_large	168	662372	26.588717	1.208506	0.899759	0.062674	0.206332	5.453125	0.03125	0.0	5.063492	0.234375	0.279664	0.09786
e2_large	169	742436	25.912519	1.191179	0.907436	0.061433	0.204357	5.734375	0.0	0.0	5.634921	0.234375	0.272948	0.097941
e2_large	170	490832	30.175792	1.256942	0.889786	0.062993	0.210335	5.53125	0.0625	0.0	5.492063	0.265625	0.312928	0.105688
e2_large	171	438305	26.681501	1.208226	0.896845	0.06267	0.206107	5.0	0.0625	0.0625	5.015873	0.21875	0.27743	0.109106
e2_large	172	299274	27.237419	1.188219	0.903008	0.06521	0.210082	5.46875	0.046875	0.0	6.063492	0.28125	0.292327	0.094494
e2_large	173	212743	27.626487	1.228383	0.891256	0.064196	0.214419	5.34375	0.0625	0.0	5.269841	0.265625	0.299882	0.095893
e2_large	174	680560	23.912922	1.243891	0.887165	0.071679	0.228217	5.671875	0.046875	0.0	5.571429	0.28125	0.249134	0.091457
e2_large	175	259997	26.142139	1.198218	0.901462	0.063001	0.205295	5.3125	0.03125	0.003906	5.380952	0.203125	0.275252	0.11056
e2_large	176	727508	25.967238	1.183456	0.897824	0.066186	0.21431	5.0625	0.0625	0.050781	4.952381	0.234375	0.278833	0.096867
e2_large	177	83093	25.866676	1.178206	0.905359	0.064858	0.207609	5.640625	0.046875	0.0	5.444444	0.265625	0.272616	0.098712
e2_large	178	732372	25.037435	1.222881	0.896658	0.063047	0.210185	5.234375	0.046875	0.018555	5.269841	0.25	0.262361	0.097813
e2_large	179	107209	28.472884	1.224787	0.89386	0.065841	0.214079	5.171875	0.03125	0.030273	5.063492	0.265625	0.304575	0.102823
e2_large	180	347780	26.18967	1.187456	0.899813	0.067005	0.215387	5.140625	0.109375	0.036133	5.031746	0.1875	0.279144	0.094289
e2_large	181	795885	29.161851	1.206753	0.895847	0.065063	0.210965	5.25	0.078125	0.015625	5.539683	0.234375	0.316135	0.097771
e2_large	182	786905	23.334598	1.217531	0.898746	0.067174	0.211529	5.609375	0.0625	0.0	5.571429	0.21875	0.235376	0.10721
e2_large	183	604541	28.28194	1.231027	0.894046	0.065137	0.214145	5.125	0.046875	0.039062	5.539683	0.203125	0.295883	0.109967
e2_large	184	16423	26.162069	1.183209	0.904812	0.062418	0.204259	4.765625	0.03125	0.106445	5.68254	0.25	0.278977	0.09721
e2_large	185	645891	27.115117	1.186669	0.905689	0.060586	0.198171	4.90625	0.125	0.080078	5.0	0.25	0.285629	0.115445
e2_large	186	168619	28.932567	1.195602	0.89726	0.063604	0.208903	5.234375	0.09375	0.018555	5.619048	0.25	0.307819	0.103658
e2_large	187	65342	22.542348	1.170983	0.901918	0.066798	0.213225	5.15625	0.09375	0.033203	5.079365	0.234375	0.240624	0.086126
e2_large	188	578387	25.063822	1.246888	0.88845	0.070098	0.225722	4.8125	0.046875	0.097656	5.238095	0.265625	0.26264	0.093201
e2_large	189	142447	23.52158	1.228707	0.894682	0.064837	0.212222	5.21875	0.03125	0.021484	5.0	0.234375	0.248126	0.090651
e2_large	190	276528	28.331377	1.242623	0.889222	0.068707	0.219436	5.53125	0.03125	0.0	5.396825	0.28125	0.29378	0.112685
e2_large	191	487472	29.23604	1.207368	0.899407	0.061741	0.205629	5.15625	0.046875	0.033203	5.333333	0.234375	0.311611	0.100722
e2_large	192	616899	28.117916	1.222668	0.883609	0.068408	0.225124	5.28125	0.0625	0.009766	5.492063	0.265625	0.293941	0.106146
e2_large	193	382977	30.156375	1.238481	0.891864	0.064066	0.21211	5.15625	0.0625	0.033203	5.31746	0.203125	0.32479	0.100001
e2_large	194	131547	24.962516	1.220383	0.89938	0.062252	0.207272	5.3125	0.03125	0.003906	5.15873	0.21875	0.26341	0.098962
e2_large	195	480285	28.7082	1.214361	0.897365	0.064321	0.210357	5.546875	0.0625	0.0	5.47619	0.234375	0.297126	0.117244
e2_large	196	316473	26.256631	1.194973	0.895932	0.06732	0.213648	5.140625	0.109375	0.036133	4.698413	0.28125	0.279784	0.096919
e2_large	197	172617	28.164164	1.214237	0.889474	0.068567	0.223778	4.890625	0.109375	0.083008	4.809524	0.171875	0.304872	0.09758
e2_large	198	702896	28.05455	1.216651	0.898914	0.064329	0.210645	5.390625	0.0625	0.0	5.571429	0.21875	0.297772	0.100393
e2_large	199	686682	21.564749	1.150339	0.909647	0.062724	0.203623	5.3125	0.0625	0.003906	5.222222	0.25	0.230166	0.089693
e2_large	200	36965	26.936483	1.213388	0.896709	0.065879	0.211343	5.375	0.078125	0.0	5.793651	0.265625	0.286372	0.098125
e2_large	201	290119	26.607969	1.195229	0.899704	0.064325	0.203895	5.203125	0.0625	0.024414	4.936508	0.21875	0.284997	0.09955
e2_large	202	769761	28.305442	1.224194	0.896411	0.064715	0.210822	5.34375	0.0625	0.0	5.206349	0.28125	0.299647	0.109512
e2_large	203	564255	26.04389	1.18439	0.901943	0.063282	0.203907	5.515625	0.0	0.0	5.047619	0.25	0.276233	0.104392
e2_large	204	377985	28.008729	1.209904	0.896576	0.064099	0.205729	5.0625	0.078125	0.050781	5.571429	0.21875	0.298408	0.097918
e2_large	205	419967	25.851391	1.225639	0.890732	0.066659	0.215883	4.96875	0.09375	0.068359	4.873016	0.21875	0.265818	0.106444
e2_large	206	578430	28.502753	1.23823	0.892524	0.066422	0.214313	5.046875	0.0625	0.053711	5.031746	0.1875	0.30212	0.105932
e2_large	207	88504	25.501242	1.176219	0.900105	0.065242	0.209031	5.46875	0.046875	0.0	5.507937	0.25	0.269952	0.101207
e2_large	208	116754	23.459429	1.176674	0.901831	0.064027	0.210526	5.171875	0.046875	0.030273	5.031746	0.265625	0.248022	0.093517
e2_large	209	250277	26.424026	1.189936	0.900594	0.0657	0.209968	5.078125	0.046875	0.047852	5.222222	0.265625	0.277233	0.105925
e2_large	210	471051	26.009777	1.187143	0.906289	0.060071	0.201352	5.578125	0.015625	0.0	4.920635	0.265625	0.276138	0.097321
e2_large	211	15509	26.898271	1.188106	0.907663	0.060995	0.201203	4.84375	0.125	0.091797	5.333333	0.21875	0.288976	0.097563
e2_large	212	629743	29.506897	1.267581	0.882577	0.070503	0.22428	5.5625	0.03125	0.0	5.52381	0.265625	0.307521	0.11131
e2_large	213	238103	27.677416	1.238881	0.894918	0.065861	0.214251	4.859375	0.0625	0.088867	4.888889	0.25	0.290845	0.099936
e2_large	214	428732	25.911657	1.18682	0.904877	0.06223	0.201797	4.6875	0.0625	0.121094	5.079365	0.234375	0.270997	0.112585
e2_large	215	401826	23.699278	1.206374	0.902205	0.065198	0.21006	5.4375	0.015625	0.0	5.507937	0.21875	0.249106	0.095664
e2_large	216	789324	26.896021	1.184648	0.899482	0.064356	0.208193	5.703125	0.03125	0.0	5.460317	0.28125	0.287653	0.095653
e2_large	217	614276	27.348917	1.186353	0.902933	0.06022	0.200329	5.359375	0.09375	0.0	4.904762	0.234375	0.292208	0.098679
e2_large	218	184471	29.070844	1.24672	0.888134	0.065082	0.218021	5.328125	0.046875	0.000977	5.492063	0.234375	0.309382	0.109534
e2_large	219	445786	26.088342	1.236478	0.895213	0.066155	0.214399	5.34375	0.046875	0.0	5.428571	0.203125	0.270935	0.104528
e2_large	220	544884	24.065791	1.216023	0.896245	0.065088	0.213265	4.75	0.046875	0.109375	4.698413	0.265625	0.258026	0.089507
e2_large	221	709845	26.174399	1.202169	0.898871	0.06249	0.206686	4.9375	0.0625	0.074219	4.873016	0.21875	0.27324	0.108455
e2_large	222	389322	22.902506	1.174439	0.910152	0.062185	0.203237	5.03125	0.09375	0.056641	5.079365	0.25	0.246853	0.093437
e2_large	223	50145	23.476861	1.154351	0.91297	0.059405	0.199444	5.21875	0.0625	0.021484	5.412698	0.265625	0.253903	0.089996
e2_large	224	574097	27.373957	1.20848	0.899661	0.06547	0.212303	5.59375	0.078125	0.0	5.68254	0.234375	0.293564	0.099511
e2_large	225	784576	27.82998	1.230928	0.896777	0.064731	0.21115	4.9375	0.046875	0.074219	4.936508	0.28125	0.296633	0.096119
e2_large	226	128329	25.255378	1.172414	0.901839	0.065072	0.210388	5.40625	0.078125	0.0	5.857143	0.25	0.267695	0.103509
e2_large	227	493612	26.779704	1.209058	0.896368	0.063218	0.209126	5.109375	0.03125	0.041992	4.984127	0.265625	0.280298	0.112002
e2_large	228	735299	28.866248	1.21836	0.895732	0.065497	0.212658	5.15625	0.09375	0.033203	4.888889	0.25	0.304339	0.109526
e2_large	229	654683	26.419598	1.192714	0.90024	0.067115	0.212477	5.734375	0.015625	0.0	5.793651	0.28125	0.28344	0.099716
e2_large	230	480430	21.760031	1.141701	0.910282	0.061246	0.203541	5.34375	0.078125	0.0	5.730159	0.234375	0.228658	0.103283
e2_large	231	237848	25.067927	1.216345	0.896226	0.067134	0.215786	5.40625	0.03125	0.0	5.333333	0.25	0.259722	0.102728
e2_large	232	580792	25.992357	1.200665	0.894863	0.066075	0.216599	5.78125	0.046875	0.0	5.746032	0.25	0.275748	0.093438
e2_large	233	585403	25.080753	1.17766	0.904115	0.063333	0.204083	5.25	0.046875	0.015625	5.269841	0.296875	0.263237	0.098934
e2_large	234	597910	26.064976	1.168965	0.905662	0.062464	0.202171	4.796875	0.0625	0.100586	4.888889	0.234375	0.273743	0.103222
e2_large	235	8125	24.5805	1.176866	0.900983	0.065343	0.211409	5.375	0.109375	0.0	5.380952	0.203125	0.259753	0.097823
e2_large	236	329056	25.002773	1.216683	0.898816	0.065403	0.212343	5.171875	0.0625	0.030273	5.031746	0.234375	0.265772	0.101936
e2_large	237	752873	27.353024	1.203285	0.897478	0.063931	0.210595	5.453125	0.046875	0.0	5.492063	0.203125	0.287773	0.105569
e2_large	238	673358	21.735495	1.186318	0.897694	0.063157	0.213976	5.6875	0.046875	0.0	5.571429	0.296875	0.228821	0.0832
e2_large	239	73807	23.50722	1.145922	0.913656	0.063574	0.203026	4.96875	0.0625	0.068359	4.857143	0.265625	0.250019	0.089698
e2_large	240	385915	27.716957	1.217878	0.895703	0.064876	0.211261	4.640625	0.0625	0.129883	5.079365	0.25	0.294004	0.104662
e2_large	241	64545	27.644578	1.242881	0.896357	0.064535	0.214473	5.140625	0.078125	0.036133	5.47619	0.25	0.289387	0.105289
e2_large	242	586575	24.457165	1.200302	0.900751	0.065533	0.210303	5.515625	0.078125	0.0	5.238095	0.25	0.262736	0.092008
e2_large	243	165315	25.547529	1.228797	0.895338	0.066381	0.213648	4.984375	0.078125	0.06543	5.190476	0.25	0.269537	0.093826
e2_large	244	692739	28.690852	1.199759	0.898019	0.064502	0.209709	5.46875	0.046875	0.0	5.396825	0.234375	0.311667	0.097014
e2_large	245	614461	29.452399	1.26624	0.88897	0.064208	0.214277	5.328125	0.0625	0.000977	5.285714	0.28125	0.312003	0.10984
e2_large	246	332415	26.726546	1.195595	0.900302	0.064194	0.209814	5.5625	0.046875	0.0	5.174603	0.234375	0.281103	0.099276
e2_large	247	438601	28.401972	1.216959	0.895977	0.068857	0.216636	5.3125	0.078125	0.003906	5.111111	0.234375	0.29952	0.114028
e2_large	248	19511	23.229506	1.20755	0.899501	0.065813	0.212466	5.171875	0.09375	0.030273	5.269841	0.203125	0.246655	0.09512
e2_large	249	143858	26.012179	1.201757	0.893705	0.067902	0.219011	5.40625	0.046875	0.0	5.333333	0.21875	0.277295	0.094854
e2_large	250	621404	23.189206	1.194248	0.897574	0.067846	0.21373	5.734375	0.03125	0.0	5.968254	0.25	0.242949	0.10102
e2_large	251	281479	25.611055	1.219365	0.891064	0.0668	0.216614	5.15625	0.140625	0.033203	4.936508	0.25	0.269951	0.098457
e2_large	252	756801	27.843875	1.237528	0.899847	0.063838	0.207485	5.09375	0.09375	0.044922	5.222222	0.203125	0.291558	0.109033
e2_large	253	257374	28.127718	1.208557	0.884451	0.071383	0.228961	5.3125	0.046875	0.003906	4.936508	0.25	0.302659	0.101852
e2_large	254	421547	24.628006	1.186362	0.898597	0.064355	0.21132	6.046875	0.015625	0.0	5.428571	0.25	0.260713	0.096344
e2_large	255	24270	30.080898	1.273281	0.883134	0.067552	0.218372	5.25	0.046875	0.015625	5.31746	0.265625	0.31105	0.113588
e2_large	256	129722	26.722165	1.199739	0.901063	0.064189	0.206698	4.84375	0.0625	0.091797	5.063492	0.21875	0.282756	0.100558
e2_large	257	55003	24.85617	1.208756	0.900658	0.06385	0.206967	5.4375	0.046875	0.0	5.555556	0.25	0.25935	0.099452
e2_large	258	121899	24.931478	1.173957	0.906871	0.06198	0.203389	5.59375	0.046875	0.0	5.555556	0.25	0.259636	0.101075
e2_large	259	234247	25.242871	1.229691	0.892797	0.066594	0.218757	5.375	0.09375	0.0	5.238095	0.21875	0.267862	0.092043
e2_large	260	95186	28.975374	1.25222	0.891441	0.06511	0.212611	5.25	0.046875	0.015625	4.968254	0.21875	0.305241	0.106689
e2_large	261	695965	27.083214	1.220627	0.894096	0.067717	0.214126	5.59375	0.09375	0.0	5.31746	0.203125	0.287041	0.102121
e2_large	262	352030	23.830564	1.15512	0.906976	0.06434	0.20612	5.375	0.03125	0.0	5.412698	0.203125	0.253386	0.09146
e2_large	263	689881	29.004466	1.230816	0.895672	0.064336	0.210697	5.4375	0.015625	0.0	5.777778	0.25	0.311779	0.104185
e2_large	264	691640	28.86114	1.202729	0.896878	0.065617	0.209618	4.8125	0.09375	0.097656	4.952381	0.28125	0.305039	0.10913
e2_large	265	462251	25.399687	1.202857	0.899283	0.064522	0.211288	5.421875	0.078125	0.0	5.571429	0.265625	0.261461	0.106717
e2_large	266	445095	28.661158	1.213051	0.900217	0.06488	0.209366	5.21875	0.046875	0.021484	5.079365	0.203125	0.303601	0.105867
e2_large	267	586984	30.600074	1.227334	0.89807	0.062724	0.20218	5.5	0.046875	0.0	5.698413	0.265625	0.330278	0.114465
e2_large	268	640623	23.771941	1.194201	0.896264	0.067311	0.216628	5.0625	0.078125	0.050781	5.222222	0.25	0.252529	0.093066
e2_large	269	495151	26.822962	1.169621	0.90827	0.060737	0.200016	5.40625	0.078125	0.0	5.412698	0.25	0.286344	0.096832
e2_large	270	296821	26.977928	1.206099	0.891101	0.06574	0.21455	5.328125	0.0625	0.000977	5.142857	0.25	0.278567	0.107322
e2_large	271	192541	28.688512	1.223962	0.898479	0.063299	0.206355	5.265625	0.109375	0.012695	4.984127	0.25	0.304182	0.104646
e2_large	272	388334	27.817588	1.181022	0.900953	0.064859	0.210058	5.46875	0.09375	0.0	5.285714	0.25	0.300579	0.091469
e2_large	273	445606	24.01575	1.177673	0.905491	0.063009	0.205503	5.578125	0.03125	0.0	5.301587	0.265625	0.251408	0.093198
e2_large	274	282956	25.17914	1.196202	0.902661	0.063764	0.207693	5.515625	0.0625	0.0	5.714286	0.25	0.266308	0.098331
e2_large	275	737730	26.188411	1.183343	0.901611	0.062088	0.205274	5.25	0.078125	0.015625	5.031746	0.21875	0.277599	0.104416
e2_large	276	502772	28.728127	1.246527	0.884675	0.069002	0.22433	4.859375	0.09375	0.088867	4.825397	0.25	0.302675	0.109762
e2_large	277	486027	24.204196	1.181933	0.903577	0.064011	0.210702	5.453125	0.03125	0.0	5.666667	0.25	0.254408	0.09576
e2_large	278	525987	27.166845	1.227925	0.891023	0.067208	0.218773	5.625	0.046875	0.0	5.571429	0.21875	0.289926	0.090448
e2_large	279	483158	26.22417	1.210143	0.89887	0.066399	0.211104	4.921875	0.109375	0.077148	5.555556	0.25	0.277037	0.101714
e2_large	280	663620	25.218846	1.193887	0.899095	0.066953	0.212931	5.796875	0.0625	0.0	5.698413	0.265625	0.26457	0.103045
e2_large	281	312600	26.097223	1.205682	0.897035	0.06474	0.213546	5.3125	0.0625	0.003906	5.174603	0.234375	0.276182	0.099217
e2_large	282	2045	26.144131	1.182245	0.896463	0.066566	0.211485	5.390625	0.03125	0.0	5.15873	0.234375	0.279329	0.101164
e2_large	283	596900	28.556769	1.207313	0.897982	0.066658	0.214528	5.453125	0.0625	0.0	5.206349	0.21875	0.308242	0.096858
e2_large	284	341246	22.677973	1.158041	0.910601	0.061098	0.199439	5.53125	0.0625	0.0	5.15873	0.234375	0.244039	0.097834
e2_large	285	445640	26.633598	1.250651	0.888417	0.066667	0.218478	5.15625	0.0625	0.033203	4.666667	0.234375	0.274383	0.108735
e2_large	286	572422	27.285582	1.234107	0.894099	0.065261	0.213761	5.421875	0.09375	0.0	4.936508	0.21875	0.291988	0.095164
e2_large	287	756363	25.515534	1.214591	0.898507	0.065507	0.213287	5.1875	0.0625	0.027344	5.301587	0.234375	0.268161	0.098078
e2_large	288	306314	29.077083	1.22959	0.891417	0.066952	0.217936	5.3125	0.078125	0.003906	5.238095	0.21875	0.304302	0.114967
e2_large	289	543578	24.046575	1.209616	0.899008	0.065466	0.211439	5.296875	0.046875	0.006836	5.380952	0.25	0.248236	0.11109
e2_large	290	465530	30.064299	1.251679	0.892189	0.063132	0.209094	5.375	0.125	0.0	5.380952	0.203125	0.316885	0.114133
e2_large	291	598558	28.022867	1.239749	0.896807	0.065103	0.211258	5.34375	0.078125	0.0	5.15873	0.28125	0.294243	0.111475
e2_large	292	611935	27.526586	1.221071	0.89964	0.063854	0.20792	5.953125	0.015625	0.0	5.412698	0.265625	0.288818	0.10896
e2_large	293	517538	26.057908	1.211028	0.902858	0.065196	0.210383	4.90625	0.109375	0.080078	4.968254	0.234375	0.27451	0.097548
e2_large	294	336146	24.263596	1.207464	0.888722	0.070177	0.224644	5.125	0.09375	0.039062	4.952381	0.21875	0.248444	0.100599
e2_large	295	225845	25.889149	1.209703	0.894507	0.065798	0.213129	5.3125	0.046875	0.003906	5.936508	0.21875	0.278	0.098818
e2_large	296	240625	29.493	1.240365	0.88785	0.064914	0.213532	4.953125	0.0	0.071289	4.873016	0.25	0.310504	0.111512
e2_large	297	429118	24.079857	1.204502	0.901316	0.063897	0.212977	5.34375	0.078125	0.0	5.539683	0.28125	0.257469	0.091306
e2_large	298	333378	26.576809	1.257948	0.888181	0.067131	0.219882	5.1875	0.0625	0.027344	5.0	0.234375	0.274389	0.106066
e2_large	299	625366	25.531242	1.206346	0.896727	0.0639	0.209574	5.75	0.0625	0.0	5.666667	0.328125	0.269947	0.111609
e2_small	0	212188	34.789607	1.177187	0.906967	0.072105	0.221584	5.0625	0.046875	0.050781	5.269841	0.234375	0.374095	0.097184
e2_small	1	299036	35.290919	1.21595	0.898276	0.076026	0.227797	5.25	0.015625	0.015625	5.650794	0.25	0.377049	0.095096
e2_small	2	475978	34.366321	1.18957	0.903991	0.074921	0.226045	5.296875	0.046875	0.006836	5.174603	0.21875	0.359757	0.094574
e2_small	3	588988	34.119236	1.213513	0.902562	0.07427	0.223235	5.46875	0.046875	0.0	5.365079	0.25	0.352475	0.106319
e2_small	4	138859	38.69523	1.242717	0.901466	0.07469	0.221152	5.703125	0.03125	0.0	5.714286	0.28125	0.424512	0.10918
e2_small	5	764498	30.898181	1.127352	0.914438	0.069532	0.211352	5.734375	0.015625	0.0	4.746032	0.25	0.32316	0.097381
e2_small	6	337706	37.636656	1.245202	0.904874	0.070503	0.216025	5.578125	0.0625	0.0	5.52381	0.234375	0.406972	0.10956
e2_small	7	257163	34.928675	1.210995	0.902761	0.076325	0.226745	5.03125	0.03125	0.056641	5.365079	0.234375	0.371056	0.104066
e2_small	8	632647	36.113985	1.194463	0.90567	0.074464	0.218953	5.375	0.046875	0.0	5.349206	0.25	0.374509	0.106302
e2_small	9	517320	36.840341	1.208745	0.906721	0.070776	0.215366	5.0625	0.109375	0.050781	5.333333	0.234375	0.400402	0.114526
e2_small	10	53867	32.056704	1.146255	0.917848	0.069405	0.212272	5.015625	0.09375	0.05957	5.253968	0.234375	0.332845	0.107232
e2_small	11	501703	31.834222	1.169381	0.906615	0.074301	0.222745	5.453125	0.03125	0.0	5.428571	0.234375	0.336045	0.092449
e2_small	12	722280	31.336905	1.19275	0.903853	0.077114	0.226769	5.109375	0.09375	0.041992	4.809524	0.203125	0.334468	0.089929
e2_small	13	689644	35.154382	1.151188	0.915637	0.065786	0.204928	5.359375	0.03125	0.0	5.15873	0.265625	0.391381	0.108505
e2_small	14	220424	32.471247	1.167029	0.91813	0.066268	0.204147	4.9375	0.15625	0.074219	5.31746	0.203125	0.366855	0.099679
e2_small	15	221365	36.877136	1.208799	0.903311	0.071108	0.218798	5.46875	0.0625	0.0	4.904762	0.234375	0.388985	0.104521
e2_small	16	666661	32.843891	1.182314	0.909476	0.072315	0.219778	5.375	0.046875	0.0	5.031746	0.265625	0.353632	0.103523
e2_small	17	766729	38.292743	1.246034	0.897205	0.071938	0.223488	4.890625	0.09375	0.083008	4.650794	0.21875	0.411059	0.111222
e2_small	18	393371	37.304547	1.245975	0.900028	0.07226	0.222133	5.390625	0.0625	0.0	5.634921	0.21875	0.387582	0.114443
e2_small	19	763584	36.606886	1.213945	0.909164	0.070521	0.212632	5.265625	0.046875	0.012695	5.222222	0.21875	0.395628	0.102407
e2_small	20	603776	31.922057	1.175585	0.904206	0.072075	0.220146	4.90625	0.125	0.080078	5.15873	0.234375	0.334352	0.106847
e2_small	21	619790	39.85048	1.233691	0.906159	0.068033	0.213805	5.390625	0.078125	0.0	5.269841	0.21875	0.454341	0.11516
e2_small	22	748239	31.302553	1.161795	0.911628	0.069387	0.211157	5.375	0.015625	0.0	5.047619	0.296875	0.335379	0.101342
e2_small	23	496290	30.87536	1.179164	0.907487	0.070748	0.220255	5.3125	0.0625	0.003906	5.047619	0.265625	0.329856	0.090311
e2_small	24	298474	34.413529	1.190684	0.904328	0.073419	0.219265	5.171875	0.046875	0.030273	5.190476	0.28125	0.357334	0.094075
e2_small	25	186184	36.454273	1.202479	0.905932	0.073007	0.218953	6.0	0.03125	0.0	5.603175	0.234375	0.385701	0.097571
e2_small	26	13118	35.683977	1.231257	0.899735	0.072791	0.222256	5.640625	0.0625	0.0	6.031746	0.28125	0.369537	0.12507
e2_small	27	405703	41.772424	1.277609	0.895043	0.073938	0.22588	5.421875	0.09375	0.0	5.539683	0.234375	0.446164	0.119272
e2_small	28	564350	41.035867	1.242442	0.90179	0.067703	0.214412	5.140625	0.046875	0.036133	5.015873	0.296875	0.434325	0.124918
e2_small	29	557362	31.48484	1.172283	0.908259	0.069481	0.217223	5.25	0.046875	0.015625	5.190476	0.234375	0.316525	0.102303
e2_small	30	209303	34.346331	1.188308	0.909016	0.072771	0.220237	4.6875	0.09375	0.121094	4.793651	0.234375	0.362126	0.099566
e2_small	31	108492	39.09792	1.271034	0.890034	0.077072	0.227681	5.421875	0.078125	0.0	5.31746	0.234375	0.409906	0.118343
e2_small	32	82329	32.741948	1.139822	0.912203	0.072365	0.216301	4.75	0.078125	0.109375	4.809524	0.21875	0.332974	0.096484
e2_small	33	734779	35.86622	1.224182	0.90685	0.071503	0.218102	5.34375	0.0625	0.0	5.333333	0.265625	0.37481	0.113197
e2_small	34	203929	33.658947	1.153265	0.914414	0.070884	0.212831	5.421875	0.046875	0.0	5.492063	0.265625	0.352724	0.096723
e2_small	35	465228	34.978947	1.173758	0.913239	0.069057	0.210806	4.84375	0.078125	0.091797	5.698413	0.265625	0.374276	0.093856
e2_small	36	735817	34.03531	1.187583	0.912527	0.067968	0.214601	5.8125	0.0625	0.0	5.698413	0.25	0.348195	0.106727
e2_small	37	718211	38.003216	1.217956	0.906862	0.072704	0.218119	4.921875	0.046875	0.077148	5.206349	0.21875	0.392732	0.115906
e2_small	38	263219	39.050368	1.238055	0.903033	0.069996	0.218217	5.40625	0.09375	0.0	5.349206	0.34375	0.40946	0.110842
e2_small	39	444011	34.628764	1.220841	0.910953	0.066852	0.208438	5.09375	0.0625	0.044922	4.968254	0.203125	0.372155	0.105422
e2_small	40	392219	36.495173	1.206954	0.900761	0.069182	0.214759	5.640625	0.015625	0.0	5.507937	0.25	0.38658	0.109821
e2_small	41	556725	34.34865	1.195157	0.901638	0.073164	0.222594	4.890625	0.046875	0.083008	5.079365	0.25	0.35503	0.102083
e2_small	42	481318	30.683458	1.165686	0.912425	0.071711	0.218346	4.9375	0.078125	0.074219	4.809524	0.21875	0.319546	0.0957
e2_small	43	443666	38.447545	1.228496	0.901889	0.074042	0.220673	5.109375	0.046875	0.041992	4.539683	0.21875	0.402351	0.109539
e2_small	44	325297	36.006573	1.203802	0.902262	0.071191	0.219644	5.640625	0.0625	0.0	5.857143	0.25	0.387689	0.098853
e2_small	45	722634	38.169655	1.189639	0.915656	0.068741	0.21074	5.671875	0.015625	0.0	5.888889	0.25	0.399581	0.110803
e2_small	46	515933	35.593325	1.156801	0.917532	0.068976	0.209912	6.171875	0.015625	0.0	5.698413	0.234375	0.400758	0.097893
e2_small	47	627060	41.300654	1.272106	0.892078	0.072775	0.228962	5.484375	0.015625	0.0	5.793651	0.3125	0.438382	0.11607
e2_small	48	215351	32.076384	1.172308	0.9112	0.072332	0.216335	5.453125	0.078125	0.0	5.746032	0.234375	0.334871	0.096179
e2_small	49	257371	32.996335	1.175822	0.914462	0.064977	0.208839	5.6875	0.078125	0.0	5.412698	0.265625	0.339561	0.094916
e2_small	50	497883	42.297548	1.264181	0.898965	0.072878	0.221314	5.65625	0.0625	0.0	5.587302	0.25	0.44802	0.115777
e2_small	51	584057	37.546178	1.224111	0.908235	0.076473	0.225916	5.4375	0.078125	0.0	5.206349	0.21875	0.405539	0.096366
e2_small	52	294246	35.888933	1.174666	0.91327	0.068797	0.211483	5.6875	0.015625	0.0	5.777778	0.296875	0.367386	0.104127
e2_small	53	651272	34.917568	1.191121	0.908269	0.071615	0.215732	5.84375	0.0625	0.0	5.746032	0.265625	0.358583	0.097519
e2_small	54	308061	31.373481	1.111267	0.917075	0.0708	0.21392	5.265625	0.015625	0.012695	5.238095	0.21875	0.332435	0.084413
e2_small	55	301354	33.086325	1.160074	0.912074	0.07049	0.210767	5.15625	0.109375	0.033203	5.428571	0.203125	0.373072	0.104024
e2_small	56	481161	35.297581	1.201028	0.907262	0.07256	0.218583	5.140625	0.03125	0.036133	4.777778	0.296875	0.359356	0.106805
e2_small	57	480827	32.161422	1.150513	0.910397	0.075626	0.218036	5.484375	0.0625	0.0	5.333333	0.203125	0.351156	0.098521
e2_small	58	636624	36.00773	1.203588	0.910264	0.072506	0.21948	5.25	0.109375	0.015625	5.333333	0.21875	0.369629	0.105211
e2_small	59	795507	36.038276	1.209687	0.901554	0.069701	0.217246	5.265625	0.078125	0.012695	5.507937	0.234375	0.372316	0.103193
e2_small	60	429556	34.073387	1.187112	0.907417	0.072476	0.217717	5.78125	0.015625	0.0	5.015873	0.265625	0.360655	0.090997
e2_small	61	446465	34.376013	1.170729	0.910786	0.072608	0.219338	5.46875	0.078125	0.0	5.412698	0.234375	0.357054	0.101003
e2_small	62	434483	29.127888	1.088406	0.924145	0.066989	0.207599	5.765625	0.03125	0.0	5.269841	0.21875	0.319845	0.102102
e2_small	63	626575	36.067112	1.20587	0.911126	0.071252	0.216268	5.0625	0.078125	0.050781	5.126984	0.234375	0.387067	0.099191
e2_small	64	777557	39.422216	1.231526	0.898315	0.07283	0.224236	5.15625	0.0625	0.033203	4.873016	0.25	0.407804	0.105169
e2_small	65	386197	30.810588	1.142569	0.910715	0.071084	0.219808	5.078125	0.078125	0.047852	5.047619	0.234375	0.324143	0.090864
e2_small	66	111836	31.012886	1.148392	0.913348	0.070508	0.214181	5.578125	0.078125	0.0	5.31746	0.25	0.323188	0.09754
e2_small	67	673453	35.484914	1.203476	0.909631	0.069611	0.215522	5.78125	0.0625	0.0	5.698413	0.203125	0.374559	0.105888
e2_small	68	458158	39.430691	1.269487	0.90199	0.072408	0.217074	5.125	0.078125	0.039062	4.904762	0.203125	0.410696	0.125582
e2_small	69	780750	30.505533	1.138469	0.915061	0.070974	0.21729	5.8125	0.03125	0.0	5.888889	0.25	0.328947	0.083929
e2_small	70	8717	34.577359	1.187299	0.904796	0.073966	0.2224	4.96875	0.046875	0.068359	4.84127	0.265625	0.363578	0.094494
e2_small	71	509097	34.435749	1.192861	0.910463	0.071051	0.214293	5.765625	0.0625	0.0	5.68254	0.234375	0.358453	0.098594
e2_small	72	105807	37.066817	1.234351	0.907669	0.069677	0.214437	6.015625	0.0625	0.0	5.52381	0.234375	0.391069	0.110412
e2_small	73	552624	35.145984	1.199046	0.906244	0.074541	0.223125	5.328125	0.109375	0.000977	5.269841	0.25	0.371459	0.102353
e2_small	74	242859	37.099063	1.1779	0.90877	0.069539	0.217226	5.46875	0.046875	0.0	5.587302	0.28125	0.385834	0.105043
e2_small	75	287297	33.415075	1.180024	0.911589	0.071337	0.215258	5.3125	0.0625	0.003906	5.365079	0.234375	0.356195	0.097542
e2_small	76	676175	36.933852	1.22159	0.900914	0.070928	0.216487	4.984375	0.078125	0.06543	5.031746	0.25	0.383577	0.102176
e2_small	77	571841	34.933749	1.16978	0.914264	0.072193	0.212038	5.71875	0.046875	0.0	5.365079	0.265625	0.37484	0.099705
e2_small	78	408429	39.75793	1.233444	0.907054	0.069124	0.213336	4.46875	0.109375	0.162109	5.238095	0.234375	0.42081	0.109477
e2_small	79	481372	38.514785	1.205955	0.908166	0.067566	0.211745	5.421875	0.078125	0.0	5.15873	0.203125	0.406952	0.10213
e2_small	80	44006	31.901004	1.167512	0.910379	0.06955	0.211859	5.453125	0.03125	0.0	5.428571	0.234375	0.327726	0.106012
e2_small	81	656029	38.741444	1.272802	0.899921	0.073082	0.219575	5.609375	0.0625	0.0	5.634921	0.25	0.409698	0.100217
e2_small	82	117647	32.973763	1.172186	0.914498	0.069785	0.214846	5.515625	0.046875	0.0	5.126984	0.21875	0.347331	0.100722
e2_small	83	680597	33.63181	1.192982	0.909737	0.072069	0.219778	5.1875	0.046875	0.027344	5.047619	0.234375	0.35298	0.099419
e2_small	84	37072	35.766114	1.176912	0.909588	0.071805	0.214565	5.125	0.046875	0.039062	5.492063	0.25	0.37146	0.110287
e2_small	85	13510	34.269904	1.194455	0.906795	0.072447	0.21647	5.765625	0.03125	0.0	5.333333	0.21875	0.358557	0.10323
e2_small	86	68602	39.516696	1.197686	0.909629	0.066685	0.210017	5.65625	0.0625	0.0	5.714286	0.21875	0.455127	0.10125
e2_small	87	270616	35.623929	1.158453	0.915797	0.070691	0.210311	5.421875	0.0625	0.0	5.365079	0.21875	0.391106	0.090552
e2_small	88	684982	32.003573	1.182513	0.912351	0.066716	0.209846	5.515625	0.03125	0.0	5.571429	0.203125	0.328595	0.105236
e2_small	89	28846	35.692596	1.184557	0.912051	0.06888	0.212669	5.484375	0.0625	0.0	5.285714	0.25	0.377459	0.103315
e2_small	90	585946	31.620495	1.164815	0.90878	0.072586	0.221254	4.46875	0.078125	0.162109	4.920635	0.21875	0.328187	0.100591
e2_small	91	309807	35.2558	1.208769	0.904135	0.073014	0.222675	5.34375	0.0625	0.0	5.126984	0.265625	0.368121	0.103251
e2_small	92	597615	31.664426	1.178699	0.905453	0.072572	0.224246	5.453125	0.015625	0.0	5.460317	0.25	0.333267	0.103598
e2_small	93	743619	36.097155	1.217861	0.901787	0.071065	0.223945	5.359375	0.078125	0.0	5.698413	0.21875	0.375364	0.109306
e2_small	94	18279	29.866492	1.151617	0.913338	0.071324	0.215523	5.0625	0.046875	0.050781	5.444444	0.28125	0.311666	0.089523
e2_small	95	679149	32.302099	1.160376	0.905156	0.074785	0.222376	5.3125	0.109375	0.003906	5.492063	0.234375	0.341389	0.098512
e2_small	96	515366	33.239846	1.181603	0.904898	0.075725	0.224279	4.890625	0.0625	0.083008	4.904762	0.203125	0.351131	0.104515
e2_small	97	158674	34.549952	1.202581	0.910242	0.070597	0.218933	5.234375	0.09375	0.018555	5.31746	0.21875	0.354014	0.09917
e2_small	98	515203	35.287806	1.186805	0.904713	0.076953	0.22716	5.609375	0.046875	0.0	5.333333	0.265625	0.375999	0.096075
e2_small	99	347630	40.739089	1.23168	0.901443	0.076521	0.22676	5.703125	0.0625	0.0	5.634921	0.234375	0.430614	0.108345
e2_small	100	59787	34.147381	1.205789	0.908225	0.073416	0.218919	5.046875	0.046875	0.053711	5.142857	0.25	0.364752	0.098127
e2_small	101	587177	37.675052	1.196369	0.90935	0.069552	0.216445	5.453125	0.0625	0.0	5.31746	0.3125	0.390912	0.106714
e2_small	102	412250	43.47233	1.28435	0.899529	0.071126	0.220863	5.75	0.046875	0.0	5.15873	0.25	0.455968	0.115234
e2_small	103	324558	34.399402	1.201203	0.906437	0.070434	0.214565	5.0	0.03125	0.0625	4.825397	0.3125	0.379793	0.115026
e2_small	104	449575	38.778654	1.239517	0.894734	0.075397	0.223519	5.296875	0.046875	0.006836	5.444444	0.234375	0.404479	0.111417
e2_small	105	39781	30.875452	1.169239	0.913257	0.06703	0.208241	5.046875	0.078125	0.053711	5.349206	0.21875	0.331013	0.096992
e2_small	106	217632	33.37116	1.169217	0.913077	0.073972	0.223254	4.96875	0.09375	0.068359	5.507937	0.171875	0.361978	0.086874
e2_small	107	274429	34.616029	1.210902	0.90315	0.072382	0.219861	5.359375	0.046875	0.0	5.539683	0.328125	0.364738	0.102646
e2_small	108	264590	39.966926	1.245821	0.900971	0.07329	0.222454	4.96875	0.0625	0.068359	5.460317	0.296875	0.42884	0.11368
e2_small	109	150508	33.938294	1.180321	0.910939	0.072823	0.215452	5.375	0.046875	0.0	5.873016	0.265625	0.357025	0.101449
e2_small	110	721739	38.751481	1.226247	0.901667	0.07134	0.218055	5.390625	0.015625	0.0	4.984127	0.265625	0.424888	0.098781
e2_small	111	157576	39.843251	1.244119	0.898494	0.074224	0.224287	5.734375	0.046875	0.0	5.984127	0.28125	0.43559	0.106653
e2_small	112	56891	36.709509	1.199232	0.908438	0.07105	0.214561	5.015625	0.046875	0.05957	5.238095	0.21875	0.401122	0.113457
e2_small	113	539290	40.849034	1.232075	0.897362	0.072261	0.221538	5.578125	0.046875	0.0	5.68254	0.25	0.436482	0.109546
e2_small	114	193974	37.364465	1.193207	0.911484	0.069617	0.213747	5.453125	0.046875	0.0	5.412698	0.234375	0.384517	0.107096
e2_small	115	780759	40.230579	1.248122	0.900612	0.075565	0.226761	5.078125	0.03125	0.047852	5.730159	0.234375	0.434902	0.10548
e2_small	116	362640	33.615017	1.156821	0.910661	0.072218	0.213201	5.40625	0.09375	0.0	5.396825	0.25	0.348499	0.096319
e2_small	117	553540	38.550526	1.235673	0.904039	0.070224	0.21701	5.421875	0.046875	0.0	5.31746	0.25	0.406758	0.110315
e2_small	118	485997	32.04442	1.183774	0.909999	0.073846	0.219999	4.46875	0.078125	0.162109	4.825397	0.21875	0.336593	0.099518
e2_small	119	46793	34.648751	1.180462	0.900528	0.075377	0.228529	5.65625	0.0625	0.0	5.428571	0.234375	0.371304	0.093631
e2_small	120	629262	38.310089	1.209445	0.901606	0.074988	0.228607	5.3125	0.046875	0.003906	5.761905	0.21875	0.419926	0.097599
e2_small	121	611785	37.012361	1.227917	0.90083	0.072362	0.225173	5.09375	0.09375	0.044922	5.031746	0.25	0.385001	0.101537
e2_small	122	301957	38.226126	1.224279	0.904735	0.068731	0.213155	5.3125	0.078125	0.003906	5.396825	0.203125	0.402396	0.112318
e2_small	123	794108	29.265972	1.142153	0.913826	0.069739	0.217268	5.703125	0.03125	0.0	5.238095	0.21875	0.302515	0.087812
e2_small	124	321182	37.879257	1.199526	0.90999	0.069395	0.212843	5.5	0.03125	0.0	5.555556	0.25	0.406291	0.099086
e2_small	125	421206	34.151479	1.196204	0.905804	0.07085	0.218805	5.1875	0.0625	0.027344	5.349206	0.234375	0.364838	0.113266
e2_small	126	643413	34.527192	1.21124	0.901167	0.07463	0.223624	5.546875	0.015625	0.0	5.555556	0.265625	0.35256	0.112997
e2_small	127	414043	36.247996	1.197637	0.91133	0.06891	0.21584	5.390625	0.078125	0.0	5.444444	0.21875	0.369471	0.110855
e2_small	128	455082	30.680752	1.163267	0.910773	0.070903	0.217537	5.171875	0.0625	0.030273	5.31746	0.203125	0.305983	0.108506
e2_small	129	463213	36.512472	1.228891	0.90198	0.074307	0.225028	5.65625	0.078125	0.0	5.412698	0.234375	0.396043	0.099015
e2_small	130	311738	37.246199	1.20929	0.900058	0.074174	0.225833	4.734375	0.109375	0.112305	5.015873	0.203125	0.388122	0.102465
e2_small	131	436244	33.73431	1.185362	0.911579	0.069068	0.211386	5.296875	0.078125	0.006836	5.174603	0.265625	0.352833	0.096046
e2_small	132	39949	37.941639	1.194383	0.908933	0.069323	0.212639	5.1875	0.078125	0.027344	5.095238	0.296875	0.403817	0.109117
e2_small	133	325638	39.950378	1.197404	0.911697	0.072449	0.214594	5.296875	0.125	0.006836	5.031746	0.1875	0.420903	0.111567
e2_small	134	127955	38.163792	1.229738	0.905839	0.073946	0.221205	5.796875	0.03125	0.0	5.650794	0.265625	0.407838	0.103991
e2_small	135	369950	37.039288	1.219377	0.902171	0.074242	0.222691	5.390625	0.0625	0.0	5.111111	0.21875	0.39093	0.096077
e2_small	136	65574	34.672697	1.157044	0.914309	0.068377	0.209591	5.1875	0.046875	0.027344	5.174603	0.234375	0.360488	0.098594
e2_small	137	481960	32.437323	1.174424	0.912922	0.069451	0.216668	5.484375	0.046875	0.0	5.507937	0.234375	0.342431	0.094248
e2_small	138	525852	34.273309	1.163942	0.916853	0.071689	0.212943	5.46875	0.046875	0.0	5.253968	0.25	0.35247	0.109719
e2_small	139	473420	35.698221	1.204541	0.904742	0.072612	0.220268	5.828125	0.078125	0.0	6.190476	0.234375	0.379657	0.097066
e2_small	140	510625	37.102848	1.19546	0.909156	0.073702	0.218395	5.34375	0.0625	0.0	5.396825	0.234375	0.394959	0.095886
e2_small	141	189989	35.554324	1.182106	0.912925	0.071558	0.214433	5.15625	0.125	0.033203	4.952381	0.21875	0.373122	0.111096
e2_small	142	477704	35.162537	1.195641	0.909364	0.069947	0.216005	5.125	0.109375	0.039062	5.365079	0.21875	0.383491	0.099812
e2_small	143	192398	35.600821	1.208338	0.899962	0.073253	0.227268	5.796875	0.046875	0.0	5.634921	0.25	0.370782	0.106685
e2_small	144	465370	35.153923	1.201773	0.907332	0.072869	0.215892	4.78125	0.046875	0.103516	4.825397	0.234375	0.368958	0.094631
e2_small	145	420566	33.582536	1.18183	0.914628	0.074802	0.219611	5.578125	0.0625	0.0	5.031746	0.21875	0.354163	0.110145
e2_small	146	610922	30.367807	1.163011	0.912562	0.070595	0.215028	4.8125	0.0625	0.097656	5.380952	0.203125	0.319473	0.09965
e2_small	147	463610	38.902215	1.250787	0.89859	0.07398	0.225962	5.234375	0.0625	0.018555	5.174603	0.21875	0.418158	0.102744
e2_small	148	762337	39.342887	1.263464	0.902515	0.072118	0.220275	5.6875	0.0625	0.0	5.873016	0.25	0.408954	0.113518
e2_small	149	305219	41.234223	1.257841	0.899587	0.072622	0.222771	5.765625	0.0	0.0	5.444444	0.265625	0.45173	0.10282
e2_small	150	332769	31.722422	1.172609	0.909584	0.068922	0.217092	5.28125	0.0625	0.009766	4.936508	0.21875	0.332413	0.0927
e2_small	151	243940	38.125456	1.214124	0.90761	0.072838	0.216163	5.140625	0.03125	0.036133	5.031746	0.25	0.39912	0.11049
e2_small	152	124824	36.517338	1.192986	0.912412	0.073067	0.219105	5.296875	0.078125	0.006836	5.31746	0.234375	0.387973	0.09384
e2_small	153	363092	38.890644	1.231551	0.898918	0.0716	0.22029	5.5	0.046875	0.0	5.587302	0.28125	0.430326	0.1153
e2_small	154	532452	36.324079	1.199959	0.9075	0.072019	0.214057	5.53125	0.0625	0.0	5.15873	0.203125	0.417114	0.101317
e2_small	155	3520	43.765028	1.267708	0.898132	0.075469	0.218579	5.078125	0.03125	0.047852	5.412698	0.265625	0.458744	0.12683
e2_small	156	194990	28.323831	1.14872	0.913163	0.073458	0.224115	5.515625	0.03125	0.0	5.746032	0.296875	0.307029	0.083169
e2_small	157	598381	36.458465	1.172517	0.915104	0.069588	0.211474	4.734375	0.125	0.112305	5.238095	0.265625	0.385441	0.108764
e2_small	158	238879	33.033225	1.198779	0.906146	0.069759	0.214829	5.640625	0.0625	0.0	5.47619	0.25	0.361188	0.102009
e2_small	159	167238	30.61505	1.135032	0.91348	0.071103	0.214156	5.40625	0.0625	0.0	5.492063	0.21875	0.338067	0.097448
e2_small	160	110783	34.727777	1.182448	0.910182	0.072209	0.216076	5.140625	0.046875	0.036133	5.111111	0.203125	0.366784	0.103657
e2_small	161	547692	35.668514	1.20367	0.906761	0.072377	0.220162	4.9375	0.09375	0.074219	5.412698	0.203125	0.381999	0.110132
e2_small	162	229581	32.331541	1.138737	0.915926	0.072222	0.216577	5.03125	0.03125	0.056641	5.31746	0.21875	0.335844	0.095347
e2_small	163	1359	36.130012	1.198539	0.909613	0.071606	0.216513	5.34375	0.0625	0.0	5.47619	0.234375	0.377127	0.103899
e2_small	164	777961	38.177785	1.222514	0.907935	0.072155	0.2181	4.984375	0.078125	0.06543	5.206349	0.21875	0.40714	0.101876
e2_small	165	774315	36.134272	1.194122	0.902977	0.072281	0.220964	5.109375	0.0625	0.041992	5.301587	0.21875	0.380809	0.096356
e2_small	166	564280	34.236347	1.179294	0.908611	0.070185	0.214737	5.375	0.125	0.0	4.968254	0.234375	0.354585	0.102789
e2_small	167	653300	33.731346	1.198821	0.904573	0.071815	0.223439	4.90625	0.0625	0.080078	4.761905	0.234375	0.352019	0.099183
e2_small	168	662372	37.084166	1.224111	0.905511	0.07087	0.216384	5.71875	0.015625	0.0	5.079365	0.3125	0.396861	0.104583
e2_small	169	742436	36.024745	1.180659	0.913473	0.070253	0.209897	5.75	0.03125	0.0	4.888889	0.234375	0.375442	0.106182
e2_small	170	490832	35.522801	1.214508	0.905164	0.06843	0.215572	5.296875	0.140625	0.006836	5.349206	0.25	0.396432	0.102233
e2_small	171	438305	34.500625	1.188695	0.906248	0.073732	0.224243	5.640625	0.0625	0.0	5.333333	0.21875	0.35986	0.095095
e2_small	172	299274	34.907104	1.201315	0.910306	0.07071	0.217358	5.296875	0.09375	0.006836	5.698413	0.203125	0.361225	0.098442
e2_small	173	212743	35.237604	1.203772	0.908964	0.068188	0.211058	5.546875	0.046875	0.0	5.492063	0.234375	0.36817	0.100996
e2_small	174	680560	39.704364	1.234779	0.907942	0.072008	0.217375	5.703125	0.046875	0.0	6.0	0.21875	0.426813	0.103639
e2_small	175	259997	34.036419	1.183229	0.905009	0.072241	0.220744	4.9375	0.0625	0.074219	5.0	0.25	0.363295	0.09679
e2_small	176	727508	33.0628	1.18703	0.902759	0.070915	0.225159	5.484375	0.015625	0.0	5.301587	0.265625	0.347214	0.101124
e2_small	177	83093	38.499723	1.200101	0.911566	0.072115	0.216243	5.9375	0.015625	0.0	5.253968	0.3125	0.420912	0.097773
e2_small	178	732372	35.219948	1.217448	0.901741	0.075242	0.226562	5.203125	0.0625	0.024414	5.666667	0.25	0.367886	0.099069
e2_small	179	107209	32.145527	1.157435	0.911704	0.067925	0.210657	5.40625	0.03125	0.0	5.365079	0.21875	0.337658	0.095865
e2_small	180	347780	33.687903	1.206322	0.901678	0.077109	0.224613	5.796875	0.0625	0.0	5.730159	0.234375	0.367851	0.09929
e2_small	181	795885	34.946531	1.193033	0.905494	0.071633	0.222521	5.296875	0.078125	0.006836	5.31746	0.25	0.368017	0.097543
e2_small	182	786905	39.07865	1.235689	0.903621	0.073695	0.223641	5.359375	0.015625	0.0	4.825397	0.234375	0.41191	0.105154
e2_small	183	604541	36.506131	1.211427	0.909947	0.06827	0.214615	5.390625	0.03125	0.0	5.190476	0.28125	0.388277	0.101903
e2_small	184	16423	36.953719	1.246252	0.900972	0.073659	0.220287	5.234375	0.046875	0.018555	5.460317	0.234375	0.385335	0.112633
e2_small	185	645891	29.7688	1.165385	0.915327	0.072494	0.219583	5.515625	0.0625	0.0	5.793651	0.21875	0.305623	0.097381
e2_small	186	168619	32.94053	1.194387	0.900253	0.073923	0.225764	4.828125	0.09375	0.094727	5.111111	0.234375	0.350455	0.099912
e2_small	187	65342	37.366529	1.212127	0.910921	0.068391	0.213124	5.65625	0.046875	0.0	5.587302	0.265625	0.410854	0.104338
e2_small	188	578387	37.846419	1.247829	0.898706	0.075533	0.225044	5.4375	0.078125	0.0	5.301587	0.21875	0.403073	0.108973
e2_small	189	142447	37.615419	1.260008	0.894036	0.071568	0.222551	4.921875	0.0625	0.077148	5.222222	0.296875	0.389441	0.110236
e2_small	190	276528	35.434712	1.205178	0.906708	0.072423	0.217324	5.234375	0.046875	0.018555	5.015873	0.25	0.379839	0.099719
e2_small	191	487472	34.245752	1.195348	0.905831	0.069629	0.214532	5.125	0.03125	0.039062	5.301587	0.234375	0.365322	0.109223
e2_small	192	616899	34.056732	1.18728	0.90143	0.073366	0.224302	5.4375	0.09375	0.0	5.301587	0.25	0.363947	0.092247
e2_small	193	382977	36.042614	1.198716	0.907283	0.073652	0.220884	5.3125	0.046875	0.003906	5.587302	0.3125	0.376558	0.100349
e2_small	194	131547	42.113891	1.242864	0.898803	0.070642	0.223059	4.890625	0.046875	0.083008	5.063492	0.265625	0.450359	0.112499
e2_small	195	480285	33.652003	1.15127	0.915339	0.06883	0.211283	4.953125	0.09375	0.071289	5.31746	0.234375	0.344855	0.103302
e2_small	196	316473	34.178311	1.201582	0.905106	0.073756	0.218556	5.09375	0.0625	0.044922	4.730159	0.21875	0.355993	0.110735
e2_small	197	172617	36.708653	1.19571	0.899548	0.074779	0.227011	5.671875	0.03125	0.0	5.650794	0.265625	0.390147	0.094452
e2_small	198	702896	37.359774	1.189713	0.908973	0.070259	0.213065	5.6875	0.03125	0.0	5.539683	0.265625	0.39272	0.098484
e2_small	199	686682	33.301283	1.171069	0.90738	0.071821	0.219937	5.75	0.015625	0.0	5.730159	0.203125	0.346228	0.104605
e2_small	200	36965	37.59205	1.227867	0.905129	0.074464	0.219586	5.546875	0.0625	0.0	5.492063	0.21875	0.387723	0.10781
e2_small	201	290119	39.257345	1.190222	0.908351	0.072893	0.220074	5.953125	0.03125	0.0	5.571429	0.25	0.424185	0.109539
e2_small	202	769761	34.18541	1.15933	0.909276	0.070458	0.216559	5.453125	0.0625	0.0	5.396825	0.265625	0.363586	0.103211
e2_small	203	564255	35.854742	1.198665	0.909306	0.072599	0.21439	5.78125	0.0625	0.0	5.301587	0.234375	0.37462	0.105739
e2_small	204	377985	34.875153	1.175703	0.906982	0.072181	0.216735	5.28125	0.0625	0.009766	4.968254	0.21875	0.366548	0.109729
e2_small	205	419967	40.75857	1.271178	0.893561	0.071075	0.221958	5.1875	0.046875	0.027344	5.111111	0.25	0.430947	0.106713
e2_small	206	578430	34.650663	1.168782	0.90886	0.071755	0.215346	5.625	0.015625	0.0	5.666667	0.25	0.357433	0.097053
e2_small	207	88504	36.958611	1.22289	0.904139	0.0745	0.220977	6.078125	0.03125	0.0	5.920635	0.21875	0.413581	0.106998
e2_small	208	116754	32.079011	1.155627	0.914294	0.068853	0.210645	5.65625	0.09375	0.0	5.507937	0.28125	0.328403	0.100038
e2_small	209	250277	41.388131	1.258683	0.895226	0.075176	0.229364	5.515625	0.046875	0.0	5.190476	0.25	0.440809	0.110141
e2_small	210	471051	33.373346	1.188789	0.907484	0.074083	0.218863	5.609375	0.0625	0.0	5.761905	0.234375	0.347249	0.098249
e2_small	211	15509	38.326122	1.199515	0.908376	0.069737	0.217634	5.140625	0.0625	0.036133	5.190476	0.25	0.424708	0.107475
e2_small	212	629743	35.515596	1.205155	0.905414	0.074582	0.220717	5.40625	0.078125	0.0	5.174603	0.25	0.378539	0.096059
e2_small	213	238103	32.439863	1.164857	0.915161	0.069985	0.209906	4.859375	0.09375	0.088867	5.0	0.234375	0.348885	0.105009
e2_small	214	428732	36.060485	1.243428	0.899705	0.073663	0.22081	5.46875	0.015625	0.0	5.365079	0.296875	0.379051	0.113592
e2_small	215	401826	32.126412	1.186806	0.91115	0.06835	0.214744	5.6875	0.0	0.0	5.968254	0.234375	0.331079	0.096189
e2_small	216	789324	38.387296	1.21794	0.903179	0.071532	0.222213	5.0	0.109375	0.0625	4.793651	0.234375	0.420566	0.097197
e2_small	217	614276	39.893255	1.258265	0.903106	0.067734	0.214273	5.921875	0.015625	0.0	5.968254	0.25	0.431043	0.115311
e2_small	218	184471	34.567022	1.197782	0.898127	0.070405	0.220195	6.0625	0.015625	0.0	5.444444	0.265625	0.361868	0.109513
e2_small	219	445786	34.264691	1.156648	0.909825	0.077613	0.223554	4.875	0.078125	0.085937	4.746032	0.21875	0.366568	0.086841
e2_small	220	544884	34.483401	1.168457	0.909201	0.071512	0.219412	5.015625	0.078125	0.05957	5.222222	0.296875	0.360549	0.095098
e2_small	221	709845	37.059253	1.198578	0.905828	0.074063	0.225333	5.3125	0.03125	0.003906	5.380952	0.234375	0.399519	0.09858
e2_small	222	389322	36.759475	1.236936	0.898775	0.076653	0.227996	5.421875	0.03125	0.0	5.412698	0.296875	0.394951	0.094688
e2_small	223	50145	34.492166	1.177433	0.913035	0.069084	0.214566	5.5625	0.03125	0.0	5.571429	0.3125	0.364851	0.092375
e2_small	224	574097	33.001944	1.166972	0.91195	0.068125	0.212427	5.84375	0.015625	0.0	6.095238	0.265625	0.347898	0.101931
e2_small	225	784576	37.68714	1.204773	0.904123	0.073725	0.221774	5.328125	0.0625	0.000977	5.460317	0.28125	0.395192	0.103072
e2_small	226	128329	36.897957	1.199889	0.907547	0.071052	0.215924	5.15625	0.0625	0.033203	5.365079	0.28125	0.392542	0.10646
e2_small	227	493612	31.724417	1.140554	0.91795	0.068584	0.209368	5.3125	0.03125	0.003906	5.619048	0.25	0.336012	0.090549
e2_small	228	735299	35.630734	1.19256	0.910463	0.070897	0.214005	5.328125	0.046875	0.000977	5.428571	0.203125	0.380075	0.09571
e2_small	229	654683	30.968022	1.133129	0.914129	0.072366	0.215332	5.8125	0.046875	0.0	5.380952	0.28125	0.323509	0.093117
e2_small	230	480430	32.925532	1.170944	0.910168	0.070596	0.215795	5.515625	0.046875	0.0	4.984127	0.21875	0.345668	0.100665
e2_small	231	237848	36.56717	1.181439	0.9104	0.070077	0.214558	5.421875	0.03125	0.0	5.301587	0.234375	0.38659	0.100108
e2_small	232	580792	36.638619	1.221347	0.898595	0.075567	0.222695	5.734375	0.046875	0.0	5.492063	0.25	0.382536	0.112522
e2_small	233	585403	33.379145	1.209873	0.909252	0.068704	0.215832	5.390625	0.078125	0.0	5.174603	0.328125	0.350463	0.104878
e2_small	234	597910	31.979909	1.149347	0.914121	0.070973	0.212935	5.015625	0.125	0.05957	5.571429	0.265625	0.351291	0.099347
e2_small	235	8125	39.152493	1.250495	0.900136	0.071993	0.218463	5.171875	0.0625	0.030273	5.380952	0.25	0.415728	0.11116
e2_small	236	329056	35.200845	1.205355	0.902135	0.072044	0.219593	5.234375	0.03125	0.018555	5.079365	0.296875	0.373619	0.100397
e2_small	237	752873	38.815638	1.221843	0.907779	0.072143	0.217779	4.984375	0.078125	0.06543	5.253968	0.21875	0.409684	0.108279
e2_small	238	673358	39.89749	1.253227	0.902036	0.069225	0.219299	5.5	0.046875	0.0	4.777778	0.234375	0.423266	0.110538
e2_small	239	73807	36.548432	1.160266	0.91708	0.065104	0.202679	5.0625	0.03125	0.050781	4.873016	0.25	0.398211	0.10221
e2_small	240	385915	34.179521	1.166093	0.910716	0.069218	0.213177	5.40625	0.03125	0.0	5.539683	0.265625	0.359631	0.093476
e2_small	241	64545	36.912723	1.219209	0.904012	0.072032	0.219707	5.96875	0.03125	0.0	5.84127	0.234375	0.387107	0.105352
e2_small	242	586575	40.021804	1.261378	0.897365	0.075469	0.226952	5.359375	0.046875	0.0	5.507937	0.21875	0.421146	0.108438
e2_small	243	165315	39.715937	1.216965	0.903558	0.073701	0.220556	5.515625	0.03125	0.0	5.412698	0.234375	0.424249	0.101433
e2_small	244	692739	37.672449	1.224537	0.899454	0.070705	0.217614	5.03125	0.0625	0.056641	5.301587	0.265625	0.399632	0.113307
e2_small	245	614461	38.656184	1.251756	0.893584	0.074591	0.226619	5.984375	0.015625	0.0	5.444444	0.234375	0.40676	0.113425
e2_small	246	332415	33.943943	1.164856	0.911727	0.070506	0.21454	5.46875	0.03125	0.0	5.428571	0.234375	0.357645	0.102481
e2_small	247	438601	33.755886	1.178876	0.910171	0.071518	0.218671	5.59375	0.03125	0.0	5.380952	0.296875	0.361393	0.09273
e2_small	248	19511	35.658023	1.180222	0.909901	0.073328	0.215094	5.296875	0.015625	0.006836	5.095238	0.296875	0.366723	0.109651
e2_small	249	143858	38.53601	1.220463	0.904225	0.072765	0.217556	5.046875	0.09375	0.053711	4.936508	0.21875	0.393169	0.119495
e2_small	250	621404	34.9183	1.184189	0.913348	0.069234	0.216348	5.328125	0.125	0.000977	5.031746	0.203125	0.363395	0.11289
e2_small	251	281479	40.353776	1.237763	0.904478	0.072362	0.217199	4.671875	0.109375	0.124023	5.079365	0.234375	0.435177	0.1021
e2_small	252	756801	33.048205	1.169691	0.913727	0.065964	0.207766	4.9375	0.0625	0.074219	5.333333	0.203125	0.344406	0.100396
e2_small	253	257374	38.599687	1.221729	0.906086	0.073641	0.219409	4.875	0.125	0.085937	5.269841	0.203125	0.412403	0.105901
e2_small	254	421547	32.268818	1.175125	0.913867	0.068161	0.21124	5.125	0.078125	0.039062	4.952381	0.203125	0.325954	0.109319
e2_small	255	24270	42.944106	1.265035	0.902233	0.071432	0.214069	5.796875	0.03125	0.0	5.412698	0.3125	0.449636	0.116194
e2_small	256	129722	34.685153	1.185857	0.911004	0.069909	0.213197	5.234375	0.078125	0.018555	5.238095	0.234375	0.354197	0.106135
e2_small	257	55003	40.462956	1.270235	0.89528	0.074832	0.226377	5.1875	0.046875	0.027344	5.666667	0.25	0.421515	0.119476
e2_small	258	121899	35.102614	1.181072	0.910819	0.071655	0.213062	4.75	0.109375	0.109375	4.984127	0.234375	0.379683	0.111414
e2_small	259	234247	31.045898	1.145697	0.913806	0.069735	0.210969	5.734375	0.03125	0.0	5.444444	0.21875	0.32375	0.098746
e2_small	260	95186	33.265785	1.185382	0.905761	0.073329	0.220311	5.796875	0.015625	0.0	5.444444	0.234375	0.34328	0.094752
e2_small	261	695965	33.138751	1.179799	0.901864	0.073646	0.224859	5.484375	0.0625	0.0	5.698413	0.265625	0.352128	0.099024
e2_small	262	352030	38.22663	1.218339	0.904597	0.074932	0.219938	5.609375	0.078125	0.0	5.412698	0.21875	0.405598	0.104104
e2_small	263	689881	31.281192	1.171221	0.912951	0.069097	0.209615	5.375	0.078125	0.0	5.349206	0.234375	0.32151	0.101192
e2_small	264	691640	41.335569	1.247326	0.900333	0.072184	0.223406	5.25	0.078125	0.015625	5.380952	0.25	0.450111	0.108089
e2_small	265	462251	34.974958	1.143125	0.91366	0.07155	0.215423	5.0	0.0625	0.0625	5.095238	0.21875	0.377214	0.093453
e2_small	266	445095	37.142626	1.197306	0.905512	0.075635	0.221248	5.453125	0.046875	0.0	5.666667	0.265625	0.394214	0.100901
e2_small	267	586984	36.339263	1.204503	0.909558	0.071143	0.218691	5.203125	0.078125	0.024414	5.142857	0.265625	0.397971	0.094521
e2_small	268	640623	37.644499	1.213681	0.901504	0.072496	0.21917	5.3125	0.078125	0.003906	5.31746	0.265625	0.379138	0.107214
e2_small	269	495151	38.586335	1.230194	0.905023	0.072878	0.216399	4.9375	0.078125	0.074219	4.888889	0.21875	0.408538	0.112331
e2_small	270	296821	34.039354	1.153216	0.913997	0.069206	0.209779	5.03125	0.015625	0.056641	5.15873	0.234375	0.355476	0.093886
e2_small	271	192541	35.523578	1.197545	0.912705	0.071208	0.215708	5.328125	0.03125	0.000977	5.15873	0.234375	0.369317	0.100967
e2_small	272	388334	33.774939	1.201888	0.904642	0.072062	0.221048	5.53125	0.046875	0.0	5.507937	0.21875	0.348885	0.101869
e2_small	273	445606	31.250862	1.165182	0.91177	0.07122	0.21755	6.03125	0.015625	0.0	5.571429	0.28125	0.329121	0.090558
e2_small	274	282956	34.15574	1.190689	0.907174	0.073511	0.217612	5.8125	0.0	0.0	5.349206	0.25	0.350499	0.103626
e2_small	275	737730	32.788115	1.164573	0.911081	0.071816	0.213721	5.375	0.078125	0.0	5.47619	0.234375	0.34347	0.101217
e2_small	276	502772	36.831161	1.217164	0.905824	0.074906	0.221639	5.515625	0.046875	0.0	4.825397	0.234375	0.383776	0.107925
e2_small	277	486027	31.504954	1.157611	0.912659	0.070418	0.216437	5.140625	0.0625	0.036133	4.873016	0.21875	0.332213	0.098681
e2_small	278	525987	39.150112	1.26924	0.899518	0.071533	0.217909	5.75	0.015625	0.0	5.68254	0.296875	0.413381	0.129676
e2_small	279	483158	36.331894	1.210673	0.901772	0.073632	0.222082	5.234375	0.0625	0.018555	5.15873	0.21875	0.382117	0.107922
e2_small	280	663620	35.843612	1.210118	0.90755	0.068235	0.214498	5.4375	0.015625	0.0	5.333333	0.28125	0.37868	0.106642
e2_small	281	312600	36.960225	1.23944	0.898338	0.074377	0.226882	5.578125	0.03125	0.0	5.730159	0.234375	0.388336	0.100076
e2_small	282	2045	38.802945	1.239789	0.908991	0.073419	0.21778	4.96875	0.078125	0.068359	5.269841	0.21875	0.411072	0.116903
e2_small	283	596900	34.718823	1.203461	0.906901	0.072972	0.217173	5.390625	0.046875	0.0	5.650794	0.265625	0.35778	0.107112
e2_small	284	341246	39.179126	1.249973	0.9054	0.072033	0.217664	5.296875	0.046875	0.006836	4.936508	0.21875	0.412826	0.111494
e2_small	285	445640	33.627121	1.133226	0.914262	0.070143	0.21349	5.46875	0.03125	0.0	5.126984	0.234375	0.347185	0.095492
e2_small	286	572422	36.999153	1.22041	0.897807	0.076348	0.229452	5.265625	0.078125	0.012695	4.793651	0.21875	0.388205	0.103846
e2_small	287	756363	35.436608	1.191343	0.90653	0.071471	0.219708	5.328125	0.03125	0.000977	5.492063	0.296875	0.381847	0.089224
e2_small	288	306314	30.856579	1.179788	0.910228	0.072697	0.213438	5.5	0.015625	0.0	5.190476	0.265625	0.320405	0.095689
e2_small	289	543578	34.034479	1.156184	0.914641	0.07103	0.21801	5.078125	0.0625	0.047852	4.936508	0.234375	0.355683	0.092537
e2_small	290	465530	36.676078	1.214469	0.90688	0.070126	0.219276	5.46875	0.046875	0.0	5.428571	0.265625	0.382968	0.111727
e2_small	291	598558	35.644829	1.204259	0.907506	0.073579	0.218934	5.46875	0.078125	0.0	5.412698	0.203125	0.371586	0.10179
e2_small	292	611935	34.353081	1.173691	0.908144	0.072927	0.222654	5.734375	0.09375	0.0	5.634921	0.265625	0.361613	0.102651
e2_small	293	517538	33.352123	1.18658	0.908404	0.072504	0.218708	5.40625	0.0625	0.0	5.539683	0.21875	0.354713	0.090423
e2_small	294	336146	38.259386	1.232612	0.903247	0.070854	0.218388	5.75	0.046875	0.0	5.730159	0.3125	0.398954	0.105141
e2_small	295	225845	39.826241	1.237421	0.900496	0.071674	0.22038	5.6875	0.0	0.0	5.238095	0.21875	0.421338	0.114418
e2_small	296	240625	33.342224	1.173825	0.907388	0.071934	0.217125	5.328125	0.0625	0.000977	5.079365	0.25	0.349721	0.101598
e2_small	297	429118	37.065202	1.205587	0.903142	0.074521	0.226046	5.421875	0.0	0.0	5.222222	0.21875	0.396023	0.098627
e2_small	298	333378	34.313379	1.183855	0.908052	0.075784	0.224379	5.46875	0.015625	0.0	5.031746	0.265625	0.35817	0.099865
e2_small	299	625366	31.826564	1.165279	0.906777	0.075369	0.221658	6.140625	0.03125	0.0	5.746032	0.25	0.330073	0.097256
e3_ctrl_small	0	212188	17.717283	0.563243	0.974071	0.046256	0.145205	2.78125	0.59375	0.478516	3.587302	0.359375	0.047711	0.012981
e3_ctrl_small	1	299036	18.332985	0.563831	0.974765	0.045513	0.143302	3.03125	0.5625	0.431641	3.809524	0.390625	0.049136	0.01394
e3_ctrl_small	2	475978	15.810599	0.518471	0.97515	0.047535	0.145186	2.875	0.609375	0.460937	3.68254	0.40625	0.041581	0.014194
e3_ctrl_small	3	588988	18.342	0.56077	0.974414	0.046067	0.143158	3.0625	0.53125	0.425781	4.063492	0.390625	0.049665	0.014135
e3_ctrl_small	4	138859	15.533641	0.545364	0.973902	0.04575	0.145388	3.609375	0.4375	0.323242	4.095238	0.3125	0.040127	0.013861
e3_ctrl_small	5	764498	18.23784	0.573908	0.974127	0.048516	0.147115	3.109375	0.53125	0.416992	4.52381	0.375	0.049913	0.012527
e3_ctrl_small	6	337706	16.445968	0.526135	0.974679	0.045882	0.142529	2.625	0.671875	0.507812	4.253968	0.421875	0.043417	0.012772
e3_ctrl_small	7	257163	17.674459	0.547199	0.973966	0.047971	0.144857	2.484375	0.671875	0.53418	3.555556	0.46875	0.047711	0.013443
e3_ctrl_small	8	632647	17.023424	0.54189	0.973214	0.046488	0.146939	2.53125	0.59375	0.525391	3.619048	0.421875	0.046363	0.012387
e3_ctrl_small	9	517320	16.024236	0.540523	0.974268	0.047669	0.146152	2.546875	0.6875	0.522461	3.746032	0.4375	0.042363	0.013331
e3_ctrl_small	10	53867	14.669304	0.538341	0.976516	0.044551	0.140893	3.015625	0.609375	0.43457	4.047619	0.375	0.039854	0.011351
e3_ctrl_small	11	501703	17.335294	0.552811	0.975049	0.044287	0.140104	3.6875	0.484375	0.308594	4.174603	0.296875	0.045171	0.014976
e3_ctrl_small	12	722280	17.3534	0.560804	0.974363	0.044376	0.142223	3.171875	0.5625	0.405273	4.047619	0.375	0.04531	0.014986
e3_ctrl_small	13	689644	14.934313	0.503679	0.977762	0.045142	0.139253	2.65625	0.65625	0.501953	3.396825	0.453125	0.040207	0.012362
e3_ctrl_small	14	220424	14.936328	0.534295	0.97533	0.045487	0.142561	2.875	0.546875	0.460937	3.809524	0.46875	0.039527	0.012382
e3_ctrl_small	15	221365	14.177925	0.506495	0.977041	0.044135	0.140355	2.875	0.515625	0.460937	3.730159	0.359375	0.037585	0.012155
e3_ctrl_small	16	666661	15.808783	0.534319	0.975214	0.045823	0.144289	2.90625	0.515625	0.455078	3.936508	0.390625	0.041989	0.013386
e3_ctrl_small	17	766729	16.453703	0.540856	0.975088	0.043903	0.141487	2.71875	0.5625	0.490234	3.190476	0.484375	0.043621	0.013114
e3_ctrl_small	18	393371	15.843042	0.53068	0.975075	0.045433	0.142979	3.25	0.5625	0.390625	4.222222	0.390625	0.041659	0.01308
e3_ctrl_small	19	763584	16.276705	0.526493	0.97734	0.043267	0.138081	3.046875	0.5625	0.428711	3.619048	0.390625	0.042186	0.014169
e3_ctrl_small	20	603776	15.609637	0.531333	0.974417	0.047419	0.145448	3.171875	0.515625	0.405273	3.68254	0.34375	0.040505	0.013738
e3_ctrl_small	21	619790	15.028137	0.522873	0.975232	0.046427	0.14406	2.75	0.59375	0.484375	4.190476	0.375	0.039852	0.012993
e3_ctrl_small	22	748239	14.553004	0.52209	0.976329	0.04374	0.14017	3.015625	0.5625	0.43457	4.015873	0.40625	0.038226	0.012209
e3_ctrl_small	23	496290	17.485062	0.557824	0.975019	0.045996	0.142161	2.9375	0.546875	0.449219	3.619048	0.359375	0.045052	0.015289
e3_ctrl_small	24	298474	14.298643	0.508607	0.976523	0.042083	0.13822	3.84375	0.453125	0.279297	4.0	0.359375	0.037637	0.01266
e3_ctrl_small	25	186184	17.865458	0.563205	0.974368	0.045935	0.143806	3.25	0.53125	0.390625	4.31746	0.3125	0.047704	0.013879
e3_ctrl_small	26	13118	15.731476	0.507503	0.977644	0.042105	0.136163	2.953125	0.578125	0.446289	3.444444	0.390625	0.041903	0.013246
e3_ctrl_small	27	405703	17.165897	0.553436	0.975698	0.04539	0.141783	3.0625	0.53125	0.425781	4.142857	0.40625	0.045578	0.015658
e3_ctrl_small	28	564350	16.364729	0.551157	0.974776	0.044699	0.141352	2.921875	0.59375	0.452148	3.492063	0.390625	0.044858	0.011738
e3_ctrl_small	29	557362	16.606077	0.543582	0.976205	0.044545	0.140207	2.5625	0.625	0.519531	3.15873	0.359375	0.043734	0.014478
e3_ctrl_small	30	209303	17.021615	0.555379	0.974077	0.045689	0.145418	2.46875	0.640625	0.537109	3.539683	0.390625	0.045579	0.01335
e3_ctrl_small	31	108492	17.652011	0.550363	0.975127	0.043535	0.140763	3.75	0.390625	0.296875	3.952381	0.28125	0.045624	0.014817
e3_ctrl_small	32	82329	16.720755	0.54817	0.974663	0.046987	0.143692	2.546875	0.640625	0.522461	3.634921	0.4375	0.044238	0.013584
e3_ctrl_small	33	734779	16.625976	0.54254	0.975578	0.044559	0.142935	3.015625	0.484375	0.43457	3.984127	0.390625	0.044401	0.012714
e3_ctrl_small	34	203929	16.746141	0.555693	0.975323	0.045102	0.140884	3.375	0.5625	0.367187	4.0	0.375	0.043887	0.013127
e3_ctrl_small	35	465228	17.276782	0.542317	0.975731	0.046365	0.143324	3.21875	0.5	0.396484	3.825397	0.328125	0.046471	0.012374
e3_ctrl_small	36	735817	15.40381	0.544541	0.973771	0.046452	0.145449	3.359375	0.5	0.370117	4.619048	0.359375	0.040843	0.011592
e3_ctrl_small	37	718211	15.430444	0.522673	0.975943	0.045385	0.140788	2.78125	0.609375	0.478516	3.714286	0.421875	0.040559	0.013741
e3_ctrl_small	38	263219	15.966027	0.526415	0.974496	0.044687	0.143476	3.0625	0.46875	0.425781	3.873016	0.296875	0.041909	0.013649
e3_ctrl_small	39	444011	16.265711	0.546772	0.974338	0.045221	0.144307	2.96875	0.59375	0.443359	4.095238	0.375	0.043604	0.012787
e3_ctrl_small	40	392219	19.092701	0.577521	0.973404	0.04955	0.147336	3.0625	0.5625	0.425781	4.634921	0.359375	0.051153	0.014934
e3_ctrl_small	41	556725	14.721388	0.506655	0.976779	0.043216	0.140171	3.25	0.59375	0.390625	3.666667	0.390625	0.039143	0.011904
e3_ctrl_small	42	481318	14.802229	0.517825	0.973629	0.046213	0.144321	3.296875	0.53125	0.381836	3.873016	0.40625	0.037766	0.014161
e3_ctrl_small	43	443666	16.964358	0.546925	0.976172	0.043572	0.140485	3.25	0.484375	0.390625	4.095238	0.3125	0.044409	0.014704
e3_ctrl_small	44	325297	17.572953	0.553198	0.975446	0.04288	0.141074	2.640625	0.578125	0.504883	3.68254	0.390625	0.04737	0.012999
e3_ctrl_small	45	722634	18.995066	0.557783	0.975211	0.045305	0.141957	3.078125	0.578125	0.422852	4.444444	0.375	0.050485	0.014469
e3_ctrl_small	46	515933	16.350619	0.544497	0.974969	0.046092	0.142595	2.796875	0.546875	0.475586	3.761905	0.4375	0.043314	0.013811
e3_ctrl_small	47	627060	17.146747	0.537102	0.97667	0.043977	0.139107	3.09375	0.515625	0.419922	4.111111	0.390625	0.044934	0.014275
e3_ctrl_small	48	215351	13.359023	0.489721	0.977189	0.044142	0.139316	3.453125	0.546875	0.352539	4.396825	0.28125	0.034946	0.011737
e3_ctrl_small	49	257371	14.423759	0.518781	0.975917	0.044668	0.142783	3.359375	0.515625	0.370117	3.936508	0.296875	0.038057	0.012608
e3_ctrl_small	50	497883	15.76503	0.530992	0.975027	0.045029	0.141949	3.3125	0.53125	0.378906	4.15873	0.390625	0.041849	0.013123
e3_ctrl_small	51	584057	14.886163	0.525702	0.976044	0.042348	0.138506	3.171875	0.5	0.405273	3.746032	0.328125	0.03912	0.013874
e3_ctrl_small	52	294246	17.21073	0.553122	0.974736	0.045117	0.143381	3.1875	0.4375	0.402344	4.047619	0.359375	0.045294	0.013845
e3_ctrl_small	53	651272	15.653647	0.527924	0.974909	0.046051	0.143126	2.796875	0.609375	0.475586	3.952381	0.40625	0.041038	0.013044
e3_ctrl_small	54	308061	15.255961	0.533566	0.974583	0.044687	0.142397	3.875	0.484375	0.273437	4.047619	0.3125	0.040609	0.011842
e3_ctrl_small	55	301354	17.449591	0.541468	0.975313	0.044962	0.140985	3.4375	0.4375	0.355469	4.222222	0.3125	0.045248	0.014695
e3_ctrl_small	56	481161	15.230654	0.532805	0.973903	0.046745	0.1452	3.1875	0.484375	0.402344	4.333333	0.34375	0.039661	0.01306
e3_ctrl_small	57	480827	16.21998	0.552875	0.974468	0.045861	0.143333	3.28125	0.453125	0.384766	4.349206	0.296875	0.042799	0.013519
e3_ctrl_small	58	636624	16.728438	0.545613	0.974175	0.046012	0.145253	3.1875	0.5	0.402344	4.190476	0.3125	0.043489	0.013488
e3_ctrl_small	59	795507	16.699723	0.534421	0.975422	0.044478	0.141757	2.421875	0.703125	0.545898	3.730159	0.421875	0.044341	0.014205
e3_ctrl_small	60	429556	12.767895	0.503974	0.975647	0.04463	0.141199	2.765625	0.609375	0.481445	3.603175	0.34375	0.033981	0.012406
e3_ctrl_small	61	446465	14.192524	0.521702	0.973391	0.047586	0.146808	2.671875	0.609375	0.499023	3.730159	0.375	0.037795	0.011365
e3_ctrl_small	62	434483	16.838296	0.541569	0.975961	0.045763	0.140781	2.8125	0.625	0.472656	3.730159	0.390625	0.04561	0.013453
e3_ctrl_small	63	626575	17.15771	0.536199	0.974709	0.046957	0.145169	3.015625	0.515625	0.43457	4.063492	0.40625	0.045398	0.012395
e3_ctrl_small	64	777557	19.532455	0.593638	0.97215	0.047171	0.148038	2.671875	0.5625	0.499023	3.539683	0.375	0.051575	0.015879
e3_ctrl_small	65	386197	15.498971	0.544552	0.975209	0.043938	0.14185	3.5625	0.484375	0.332031	3.888889	0.328125	0.040682	0.013176
e3_ctrl_small	66	111836	17.595283	0.558231	0.976123	0.044168	0.140839	3.265625	0.5	0.387695	4.380952	0.34375	0.04598	0.015231
e3_ctrl_small	67	673453	15.864277	0.530596	0.976149	0.04341	0.139585	2.453125	0.671875	0.540039	3.793651	0.328125	0.041767	0.013256
e3_ctrl_small	68	458158	16.422956	0.567674	0.972771	0.047171	0.147809	3.15625	0.46875	0.408203	4.222222	0.34375	0.043123	0.013824
e3_ctrl_small	69	780750	12.995653	0.50638	0.97456	0.046063	0.145089	3.28125	0.53125	0.384766	4.333333	0.390625	0.033928	0.011996
e3_ctrl_small	70	8717	14.715008	0.530484	0.974329	0.045742	0.143951	2.921875	0.578125	0.452148	3.666667	0.375	0.038281	0.012735
e3_ctrl_small	71	509097	17.372804	0.56942	0.974378	0.046111	0.146077	3.296875	0.515625	0.381836	3.888889	0.390625	0.045556	0.013616
e3_ctrl_small	72	105807	15.729931	0.533465	0.975571	0.045207	0.141578	2.90625	0.609375	0.455078	3.952381	0.421875	0.040778	0.013943
e3_ctrl_small	73	552624	19.764949	0.575916	0.974474	0.04438	0.141357	2.84375	0.53125	0.466797	3.952381	0.34375	0.050238	0.017137
e3_ctrl_small	74	242859	17.820694	0.567006	0.974674	0.046889	0.144577	3.1875	0.5625	0.402344	3.793651	0.375	0.048263	0.013765
e3_ctrl_small	75	287297	15.62712	0.527548	0.975161	0.045354	0.143707	2.796875	0.578125	0.475586	3.634921	0.359375	0.041697	0.012593
e3_ctrl_small	76	676175	15.929897	0.547146	0.975494	0.042863	0.140233	3.65625	0.453125	0.314453	4.349206	0.375	0.041844	0.01371
e3_ctrl_small	77	571841	14.720134	0.523737	0.974632	0.046274	0.145056	3.140625	0.546875	0.411133	4.015873	0.359375	0.039641	0.012783
e3_ctrl_small	78	408429	17.141526	0.54897	0.973838	0.047262	0.144992	2.84375	0.53125	0.466797	3.539683	0.375	0.044747	0.013591
e3_ctrl_small	79	481372	15.591673	0.515379	0.975607	0.044972	0.140716	2.828125	0.609375	0.469727	3.507937	0.53125	0.041873	0.013644
e3_ctrl_small	80	44006	17.651219	0.560095	0.974867	0.045787	0.142792	2.859375	0.515625	0.463867	3.539683	0.375	0.046771	0.013477
e3_ctrl_small	81	656029	14.331131	0.520515	0.973729	0.04732	0.146765	2.625	0.59375	0.507812	4.015873	0.4375	0.037708	0.012367
e3_ctrl_small	82	117647	15.89016	0.531712	0.97404	0.045931	0.145707	3.03125	0.546875	0.431641	4.142857	0.390625	0.041648	0.013314
e3_ctrl_small	83	680597	16.818145	0.543259	0.975386	0.045488	0.142352	2.890625	0.625	0.458008	4.0	0.390625	0.044367	0.01388
e3_ctrl_small	84	37072	18.186599	0.539243	0.97406	0.047105	0.14521	2.1875	0.6875	0.589844	3.380952	0.453125	0.049162	0.014342
e3_ctrl_small	85	13510	15.704584	0.534169	0.976278	0.045456	0.141155	2.890625	0.578125	0.458008	4.047619	0.40625	0.041125	0.013109
e3_ctrl_small	86	68602	15.95188	0.528632	0.974032	0.046997	0.145135	2.890625	0.5625	0.458008	3.825397	0.390625	0.041565	0.015496
e3_ctrl_small	87	270616	17.0174	0.536912	0.975741	0.04683	0.143342	2.625	0.65625	0.507812	4.015873	0.421875	0.045159	0.013908
e3_ctrl_small	88	684982	14.902866	0.509363	0.976205	0.045268	0.140598	3.046875	0.5625	0.428711	3.603175	0.390625	0.040063	0.012848
e3_ctrl_small	89	28846	16.555646	0.539348	0.974954	0.045565	0.14379	2.96875	0.5625	0.443359	3.873016	0.328125	0.04417	0.01318
e3_ctrl_small	90	585946	15.187595	0.526543	0.974138	0.046228	0.144393	2.84375	0.59375	0.466797	3.666667	0.4375	0.041546	0.011584
e3_ctrl_small	91	309807	14.630333	0.517464	0.973851	0.046801	0.144866	2.640625	0.578125	0.504883	3.142857	0.46875	0.038089	0.013173
e3_ctrl_small	92	597615	17.706618	0.540264	0.975228	0.046055	0.143164	2.8125	0.640625	0.472656	3.777778	0.390625	0.046375	0.016343
e3_ctrl_small	93	743619	17.570607	0.562394	0.97461	0.046868	0.144078	3.421875	0.4375	0.358398	4.063492	0.375	0.045973	0.015403
e3_ctrl_small	94	18279	15.291559	0.540445	0.97342	0.04881	0.148351	2.453125	0.640625	0.540039	3.698413	0.40625	0.039426	0.01369
e3_ctrl_small	95	679149	16.268863	0.536402	0.974661	0.04668	0.143863	3.1875	0.515625	0.402344	4.269841	0.390625	0.041776	0.01476
e3_ctrl_small	96	515366	16.251017	0.539087	0.976156	0.045528	0.14126	3.328125	0.5	0.375977	3.920635	0.421875	0.043807	0.013284
e3_ctrl_small	97	158674	15.844746	0.51598	0.977329	0.044053	0.139347	3.03125	0.546875	0.431641	4.206349	0.375	0.04258	0.012912
e3_ctrl_small	98	515203	16.075473	0.534223	0.974397	0.046576	0.145062	2.734375	0.5625	0.487305	3.238095	0.375	0.042762	0.01208
e3_ctrl_small	99	347630	17.630808	0.553078	0.974714	0.046407	0.144194	2.390625	0.65625	0.551758	3.444444	0.390625	0.047194	0.012272
e3_ctrl_small	100	59787	16.083949	0.527867	0.976751	0.045162	0.140755	2.3125	0.65625	0.566406	3.809524	0.46875	0.042307	0.01393
e3_ctrl_small	101	587177	18.486206	0.555539	0.974746	0.045314	0.141634	2.703125	0.578125	0.493164	3.634921	0.390625	0.048657	0.013759
e3_ctrl_small	102	412250	15.816458	0.528658	0.974686	0.045431	0.143321	2.96875	0.546875	0.443359	3.936508	0.375	0.041392	0.013575
e3_ctrl_small	103	324558	15.748204	0.530038	0.974819	0.04589	0.143124	3.125	0.53125	0.414062	4.349206	0.359375	0.042308	0.012306
e3_ctrl_small	104	449575	17.404553	0.555585	0.973961	0.047926	0.145424	2.546875	0.625	0.522461	3.825397	0.40625	0.044951	0.015505
e3_ctrl_small	105	39781	17.158655	0.555423	0.974673	0.04535	0.142838	3.140625	0.578125	0.411133	3.825397	0.34375	0.04545	0.013547
e3_ctrl_small	106	217632	16.627543	0.546788	0.97651	0.044134	0.140583	3.703125	0.453125	0.305664	4.444444	0.328125	0.044597	0.012766
e3_ctrl_small	107	274429	14.952649	0.529706	0.975327	0.045467	0.141622	2.90625	0.515625	0.455078	3.793651	0.375	0.03976	0.012
e3_ctrl_small	108	264590	17.243016	0.554546	0.975054	0.044806	0.140826	3.453125	0.453125	0.352539	4.412698	0.375	0.04502	0.014344
e3_ctrl_small	109	150508	17.059908	0.543462	0.975123	0.046144	0.143065	2.75	0.625	0.484375	3.825397	0.453125	0.04478	0.01365
e3_ctrl_small	110	721739	15.244661	0.532126	0.974725	0.046592	0.14423	3.578125	0.46875	0.329102	3.68254	0.390625	0.040333	0.012412
e3_ctrl_small	111	157576	13.580266	0.507006	0.976908	0.044074	0.140578	2.703125	0.5	0.493164	3.793651	0.328125	0.036004	0.011754
e3_ctrl_small	112	56891	15.656904	0.553212	0.973351	0.047654	0.146953	3.125	0.53125	0.414062	4.0	0.421875	0.040177	0.014161
e3_ctrl_small	113	539290	16.420625	0.529296	0.975579	0.047144	0.142991	2.34375	0.671875	0.560547	3.238095	0.4375	0.042662	0.013612
e3_ctrl_small	114	193974	15.120631	0.506353	0.976724	0.045461	0.140036	3.5	0.5	0.34375	3.920635	0.34375	0.040159	0.012556
e3_ctrl_small	115	780759	14.579056	0.515549	0.975948	0.044985	0.140317	3.015625	0.5625	0.43457	3.888889	0.359375	0.038771	0.012548
e3_ctrl_small	116	362640	14.360282	0.515912	0.976004	0.044295	0.140053	3.515625	0.46875	0.34082	4.634921	0.34375	0.037147	0.011955
e3_ctrl_small	117	553540	17.193455	0.54146	0.974277	0.046139	0.144763	2.828125	0.625	0.469727	3.888889	0.421875	0.043776	0.015215
e3_ctrl_small	118	485997	16.429755	0.526645	0.975637	0.044851	0.142152	3.46875	0.546875	0.349609	4.396825	0.375	0.043139	0.013488
e3_ctrl_small	119	46793	18.49601	0.590618	0.97282	0.04517	0.14547	2.921875	0.515625	0.452148	3.380952	0.390625	0.047916	0.015043
e3_ctrl_small	120	629262	15.787298	0.543911	0.973705	0.046923	0.145649	3.09375	0.515625	0.419922	4.047619	0.375	0.041601	0.013608
e3_ctrl_small	121	611785	17.675082	0.54645	0.975631	0.045356	0.141465	3.453125	0.5	0.352539	3.492063	0.4375	0.04634	0.014297
e3_ctrl_small	122	301957	13.822941	0.506064	0.974272	0.0472	0.14553	2.828125	0.5625	0.469727	3.793651	0.375	0.036391	0.011676
e3_ctrl_small	123	794108	18.234606	0.558469	0.974733	0.044427	0.143178	3.234375	0.5	0.393555	3.761905	0.359375	0.047455	0.015242
e3_ctrl_small	124	321182	17.344226	0.549775	0.975165	0.045152	0.141733	3.125	0.5625	0.414062	4.777778	0.359375	0.047163	0.012473
e3_ctrl_small	125	421206	15.895453	0.53284	0.975124	0.047221	0.144982	2.296875	0.640625	0.569336	4.15873	0.390625	0.042727	0.012491
e3_ctrl_small	126	643413	16.921445	0.545868	0.975609	0.044563	0.140451	3.25	0.515625	0.390625	4.174603	0.375	0.045259	0.013317
e3_ctrl_small	127	414043	15.481906	0.525525	0.975277	0.045141	0.141545	2.59375	0.609375	0.513672	3.968254	0.359375	0.041427	0.012802
e3_ctrl_small	128	455082	14.698728	0.509994	0.976737	0.044198	0.140177	2.53125	0.609375	0.525391	3.507937	0.421875	0.038072	0.012538
e3_ctrl_small	129	463213	17.500718	0.567392	0.973774	0.047208	0.145316	2.578125	0.671875	0.516602	4.0	0.484375	0.045408	0.014398
e3_ctrl_small	130	311738	15.703909	0.524245	0.975164	0.045022	0.143139	2.625	0.59375	0.507812	3.904762	0.375	0.041272	0.013413
e3_ctrl_small	131	436244	16.896181	0.550167	0.974243	0.045398	0.143495	3.296875	0.46875	0.381836	3.761905	0.34375	0.04534	0.011856
e3_ctrl_small	132	39949	16.872473	0.551363	0.973749	0.047358	0.147256	2.53125	0.6875	0.525391	4.031746	0.4375	0.044517	0.013428
e3_ctrl_small	133	325638	17.878884	0.552263	0.974965	0.045351	0.14163	3.15625	0.515625	0.408203	4.079365	0.390625	0.045399	0.015758
e3_ctrl_small	134	127955	17.078155	0.534963	0.974581	0.046112	0.143798	3.0625	0.546875	0.425781	3.698413	0.375	0.045175	0.013234
e3_ctrl_small	135	369950	15.607122	0.540404	0.974998	0.044368	0.1412	3.0625	0.515625	0.425781	3.952381	0.390625	0.042085	0.01166
e3_ctrl_small	136	65574	17.535984	0.562831	0.974394	0.044601	0.14258	3.109375	0.53125	0.416992	3.84127	0.359375	0.047594	0.01172
e3_ctrl_small	137	481960	13.380723	0.50425	0.97658	0.044544	0.140312	3.328125	0.5	0.375977	3.936508	0.3125	0.034806	0.01284
e3_ctrl_small	138	525852	16.516172	0.542045	0.975135	0.04509	0.142825	2.828125	0.59375	0.469727	3.238095	0.34375	0.043734	0.01347
e3_ctrl_small	139	473420	15.535253	0.525267	0.973768	0.047096	0.143517	2.9375	0.5625	0.449219	3.539683	0.375	0.041559	0.011786
e3_ctrl_small	140	510625	16.09058	0.545565	0.973959	0.045967	0.144944	3.1875	0.5625	0.402344	3.619048	0.359375	0.041981	0.014352
e3_ctrl_small	141	189989	17.378465	0.561061	0.97339	0.045302	0.145992	2.8125	0.578125	0.472656	4.063492	0.375	0.045869	0.014504
e3_ctrl_small	142	477704	16.86346	0.555521	0.97523	0.044604	0.142025	3.15625	0.546875	0.408203	3.904762	0.390625	0.044311	0.013553
e3_ctrl_small	143	192398	18.138276	0.555478	0.975209	0.045113	0.143328	2.921875	0.5625	0.452148	4.079365	0.390625	0.047866	0.014843
e3_ctrl_small	144	465370	14.791239	0.535131	0.973887	0.045591	0.145415	2.828125	0.578125	0.469727	3.68254	0.34375	0.038524	0.013224
e3_ctrl_small	145	420566	16.276209	0.538015	0.976117	0.045503	0.140661	3.171875	0.453125	0.405273	4.079365	0.296875	0.042652	0.014092
e3_ctrl_small	146	610922	15.185943	0.536803	0.974465	0.0475	0.144685	2.828125	0.515625	0.469727	3.444444	0.390625	0.039314	0.013358
e3_ctrl_small	147	463610	13.149135	0.512851	0.97636	0.043312	0.138915	3.984375	0.390625	0.25293	4.650794	0.21875	0.033976	0.012974
e3_ctrl_small	148	762337	17.108621	0.537748	0.975024	0.045576	0.143133	3.21875	0.53125	0.396484	3.825397	0.390625	0.046574	0.013507
e3_ctrl_small	149	305219	18.951039	0.570177	0.973799	0.047171	0.143918	2.96875	0.5625	0.443359	4.15873	0.390625	0.04989	0.014931
e3_ctrl_small	150	332769	16.560969	0.542122	0.975026	0.047192	0.144598	3.125	0.546875	0.414062	4.253968	0.375	0.044555	0.012124
e3_ctrl_small	151	243940	14.728708	0.516403	0.976481	0.044632	0.140967	2.578125	0.59375	0.516602	3.634921	0.359375	0.039688	0.012145
e3_ctrl_small	152	124824	15.806306	0.533154	0.97555	0.045263	0.142055	2.8125	0.625	0.472656	4.0	0.421875	0.041459	0.014203
e3_ctrl_small	153	363092	14.711478	0.509547	0.975471	0.044048	0.143557	3.109375	0.515625	0.416992	3.761905	0.375	0.037945	0.013817
e3_ctrl_small	154	532452	18.484128	0.553392	0.975985	0.044754	0.141732	3.125	0.53125	0.414062	4.206349	0.390625	0.048632	0.014707
e3_ctrl_small	155	3520	18.859131	0.575663	0.975605	0.04405	0.140731	3.78125	0.421875	0.291016	4.84127	0.328125	0.05014	0.01504
e3_ctrl_small	156	194990	16.228897	0.553592	0.974339	0.045806	0.144133	3.265625	0.5	0.387695	4.015873	0.34375	0.041875	0.014405
e3_ctrl_small	157	598381	18.843625	0.56576	0.973655	0.045611	0.145242	2.734375	0.609375	0.487305	3.587302	0.359375	0.049633	0.016167
e3_ctrl_small	158	238879	17.196989	0.557594	0.973724	0.046167	0.145248	3.46875	0.453125	0.349609	3.984127	0.34375	0.044368	0.014411
e3_ctrl_small	159	167238	16.670578	0.542106	0.975284	0.046541	0.142336	3.171875	0.5625	0.405273	3.84127	0.40625	0.044496	0.013036
e3_ctrl_small	160	110783	13.830367	0.506284	0.974147	0.045719	0.145974	2.71875	0.578125	0.490234	4.0	0.359375	0.037238	0.011006
e3_ctrl_small	161	547692	15.365799	0.539744	0.97496	0.045503	0.143639	3.859375	0.359375	0.276367	4.301587	0.296875	0.04062	0.013324
e3_ctrl_small	162	229581	14.811375	0.527461	0.974189	0.046355	0.146166	2.796875	0.59375	0.475586	3.571429	0.375	0.038387	0.013047
e3_ctrl_small	163	1359	15.198159	0.530652	0.974902	0.044919	0.141484	2.765625	0.59375	0.481445	4.031746	0.40625	0.040881	0.012904
e3_ctrl_small	164	777961	17.295035	0.560205	0.974129	0.044456	0.143659	2.84375	0.59375	0.466797	3.47619	0.390625	0.04593	0.01444
e3_ctrl_small	165	774315	17.848265	0.548911	0.975436	0.044153	0.1413	3.375	0.484375	0.367187	3.68254	0.359375	0.046905	0.014505
e3_ctrl_small	166	564280	18.350607	0.553542	0.975241	0.044376	0.141376	3.203125	0.53125	0.399414	4.206349	0.375	0.049498	0.013067
e3_ctrl_small	167	653300	17.270089	0.545588	0.97415	0.04497	0.143145	2.953125	0.5625	0.446289	4.47619	0.421875	0.046963	0.013328
e3_ctrl_small	168	662372	15.737133	0.522199	0.97552	0.044586	0.139149	3.34375	0.4375	0.373047	4.174603	0.296875	0.041443	0.012824
e3_ctrl_small	169	742436	13.580957	0.513903	0.976628	0.042698	0.13842	2.625	0.515625	0.507812	4.015873	0.375	0.035901	0.011302
e3_ctrl_small	170	490832	17.766841	0.560623	0.97435	0.044873	0.143516	3.078125	0.515625	0.422852	3.857143	0.390625	0.045877	0.015625
e3_ctrl_small	171	438305	15.375047	0.533058	0.975395	0.044518	0.142363	2.984375	0.578125	0.44043	4.190476	0.390625	0.041204	0.013331
e3_ctrl_small	172	299274	14.958306	0.520665	0.974787	0.047217	0.143178	2.4375	0.640625	0.542969	3.587302	0.40625	0.039719	0.012529
e3_ctrl_small	173	212743	15.783083	0.517374	0.975835	0.046731	0.143401	3.109375	0.625	0.416992	3.380952	0.40625	0.043369	0.013071
e3_ctrl_small	174	680560	16.096611	0.540979	0.97622	0.042788	0.139146	3.890625	0.390625	0.270508	3.920635	0.328125	0.042589	0.013405
e3_ctrl_small	175	259997	13.239279	0.507879	0.974791	0.046444	0.145592	3.390625	0.5625	0.364258	3.904762	0.40625	0.034669	0.011707
e3_ctrl_small	176	727508	16.032733	0.545657	0.974272	0.046281	0.145591	2.671875	0.640625	0.499023	3.428571	0.421875	0.04088	0.016005
e3_ctrl_small	177	83093	16.282193	0.547922	0.974055	0.045733	0.144558	3.0	0.5625	0.4375	4.0	0.375	0.042676	0.013244
e3_ctrl_small	178	732372	16.369004	0.541688	0.97334	0.047894	0.144817	2.5625	0.625	0.519531	3.539683	0.46875	0.04346	0.014073
e3_ctrl_small	179	107209	17.164312	0.544475	0.975454	0.045772	0.142666	3.09375	0.578125	0.419922	4.079365	0.40625	0.044442	0.015375
e3_ctrl_small	180	347780	16.696458	0.548901	0.974968	0.045794	0.141895	3.3125	0.453125	0.378906	4.015873	0.375	0.044161	0.013313
e3_ctrl_small	181	795885	14.603817	0.521221	0.975501	0.045518	0.142537	3.84375	0.5	0.279297	4.68254	0.3125	0.03969	0.010556
e3_ctrl_small	182	786905	14.551638	0.518857	0.975615	0.043963	0.140623	3.0	0.53125	0.4375	3.730159	0.375	0.03862	0.011989
e3_ctrl_small	183	604541	17.680241	0.547891	0.975335	0.04538	0.142511	3.078125	0.5	0.422852	3.571429	0.375	0.046289	0.013936
e3_ctrl_small	184	16423	17.426134	0.561112	0.975671	0.043177	0.139549	3.953125	0.453125	0.258789	4.079365	0.28125	0.046508	0.013692
e3_ctrl_small	185	645891	15.08568	0.510455	0.976378	0.043698	0.139799	3.28125	0.515625	0.384766	4.142857	0.328125	0.039883	0.013658
e3_ctrl_small	186	168619	14.96418	0.529992	0.974012	0.044871	0.143972	2.71875	0.640625	0.490234	3.857143	0.40625	0.038522	0.013737
e3_ctrl_small	187	65342	17.061659	0.550058	0.973633	0.047465	0.14457	3.265625	0.5625	0.387695	3.52381	0.390625	0.045104	0.013542
e3_ctrl_small	188	578387	18.680619	0.570716	0.975263	0.044749	0.140661	3.25	0.5625	0.390625	4.47619	0.359375	0.048573	0.015819
e3_ctrl_small	189	142447	14.880773	0.539985	0.974721	0.044454	0.14322	3.03125	0.515625	0.431641	3.603175	0.34375	0.039391	0.01333
e3_ctrl_small	190	276528	15.675629	0.535943	0.974815	0.04539	0.143867	2.875	0.5625	0.460937	3.793651	0.3125	0.041054	0.014075
e3_ctrl_small	191	487472	13.03299	0.523711	0.974766	0.0455	0.143847	2.8125	0.53125	0.472656	3.571429	0.375	0.034657	0.011043
e3_ctrl_small	192	616899	14.832537	0.514513	0.977395	0.043061	0.137686	3.3125	0.484375	0.378906	4.190476	0.34375	0.040652	0.011659
e3_ctrl_small	193	382977	14.899591	0.536275	0.974634	0.047302	0.14329	3.0625	0.546875	0.425781	3.968254	0.375	0.039031	0.013651
e3_ctrl_small	194	131547	15.780779	0.53103	0.973414	0.048846	0.146824	2.15625	0.65625	0.595703	3.587302	0.4375	0.041438	0.01399
e3_ctrl_small	195	480285	15.733995	0.539787	0.973055	0.046616	0.146839	2.75	0.609375	0.484375	3.571429	0.359375	0.042687	0.011844
e3_ctrl_small	196	316473	13.567682	0.505048	0.975158	0.04595	0.141122	2.59375	0.609375	0.513672	3.984127	0.4375	0.03591	0.012062
e3_ctrl_small	197	172617	18.98678	0.551451	0.975897	0.046845	0.143242	2.6875	0.625	0.496094	3.793651	0.421875	0.051495	0.016151
e3_ctrl_small	198	702896	16.712709	0.527071	0.975812	0.046513	0.143683	2.90625	0.578125	0.455078	3.365079	0.34375	0.043762	0.013614
e3_ctrl_small	199	686682	13.415226	0.512321	0.975461	0.044996	0.143868	2.53125	0.640625	0.525391	3.634921	0.421875	0.036075	0.011518
e3_ctrl_small	200	36965	15.313321	0.528676	0.975786	0.044418	0.14162	2.875	0.578125	0.460937	4.269841	0.390625	0.039986	0.013562
e3_ctrl_small	201	290119	16.65074	0.55135	0.974101	0.046431	0.144108	3.140625	0.546875	0.411133	4.31746	0.328125	0.043757	0.013735
e3_ctrl_small	202	769761	16.551957	0.528586	0.976614	0.044591	0.139129	2.40625	0.65625	0.548828	3.52381	0.421875	0.045078	0.013603
e3_ctrl_small	203	564255	16.133213	0.545277	0.973968	0.046316	0.144363	2.890625	0.578125	0.458008	4.079365	0.375	0.042566	0.013472
e3_ctrl_small	204	377985	17.048705	0.541978	0.975271	0.046272	0.143928	2.84375	0.59375	0.466797	3.857143	0.390625	0.044505	0.014319
e3_ctrl_small	205	419967	16.483019	0.547635	0.973662	0.04486	0.144605	2.890625	0.5625	0.458008	3.698413	0.328125	0.043488	0.014222
e3_ctrl_small	206	578430	16.128739	0.555702	0.973965	0.045989	0.145558	3.53125	0.5	0.337891	3.857143	0.390625	0.042911	0.012335
e3_ctrl_small	207	88504	14.121081	0.52719	0.974764	0.044465	0.141705	3.21875	0.546875	0.396484	3.888889	0.4375	0.036361	0.013314
e3_ctrl_small	208	116754	14.474957	0.518755	0.974616	0.045901	0.143981	3.359375	0.5625	0.370117	4.15873	0.328125	0.038494	0.011582
e3_ctrl_small	209	250277	14.024835	0.497529	0.97562	0.046364	0.141897	3.0625	0.546875	0.425781	3.619048	0.375	0.037135	0.012324
e3_ctrl_small	210	471051	16.284824	0.543296	0.973646	0.045214	0.144787	3.25	0.5	0.390625	3.793651	0.359375	0.042761	0.012736
e3_ctrl_small	211	15509	14.72272	0.505238	0.977314	0.04347	0.137983	3.078125	0.578125	0.422852	4.206349	0.40625	0.038792	0.012416
e3_ctrl_small	212	629743	17.251901	0.554085	0.975319	0.044941	0.141346	3.28125	0.421875	0.384766	4.174603	0.375	0.044868	0.01482
e3_ctrl_small	213	238103	15.437413	0.524045	0.974964	0.045092	0.14278	3.109375	0.5625	0.416992	3.555556	0.4375	0.041277	0.012478
e3_ctrl_small	214	428732	16.748352	0.55263	0.974479	0.047789	0.145019	2.984375	0.609375	0.44043	4.031746	0.421875	0.044935	0.014114
e3_ctrl_small	215	401826	15.278282	0.530509	0.975416	0.044552	0.143222	3.484375	0.453125	0.34668	4.238095	0.359375	0.040452	0.012135
e3_ctrl_small	216	789324	14.588596	0.506028	0.975751	0.044264	0.140844	3.296875	0.609375	0.381836	3.825397	0.375	0.038289	0.012175
e3_ctrl_small	217	614276	14.844748	0.521033	0.976478	0.041983	0.137992	3.453125	0.546875	0.352539	4.063492	0.34375	0.039338	0.013254
e3_ctrl_small	218	184471	18.304663	0.551579	0.976224	0.046796	0.142242	3.078125	0.5625	0.422852	3.857143	0.40625	0.049992	0.013914
e3_ctrl_small	219	445786	16.396327	0.541799	0.97298	0.048822	0.148671	2.828125	0.53125	0.469727	4.428571	0.375	0.043306	0.012996
e3_ctrl_small	220	544884	18.625004	0.573572	0.973087	0.047094	0.144738	2.875	0.5625	0.460937	3.619048	0.40625	0.049478	0.014235
e3_ctrl_small	221	709845	18.370816	0.565362	0.974921	0.045024	0.141041	2.890625	0.59375	0.458008	3.777778	0.453125	0.047285	0.016102
e3_ctrl_small	222	389322	15.806109	0.528434	0.975183	0.045104	0.143343	2.9375	0.5625	0.449219	3.730159	0.359375	0.042381	0.01234
e3_ctrl_small	223	50145	16.583092	0.54451	0.97618	0.04439	0.141016	3.21875	0.5	0.396484	4.031746	0.328125	0.044935	0.011759
e3_ctrl_small	224	574097	17.426435	0.544508	0.97537	0.042922	0.139492	3.28125	0.53125	0.384766	4.238095	0.328125	0.046529	0.014112
e3_ctrl_small	225	784576	17.094607	0.531081	0.976454	0.044058	0.139948	3.328125	0.515625	0.375977	4.174603	0.34375	0.046814	0.012633
e3_ctrl_small	226	128329	15.53393	0.520076	0.975055	0.045238	0.143177	3.125	0.609375	0.414062	3.587302	0.453125	0.040655	0.012428
e3_ctrl_small	227	493612	18.570285	0.570536	0.973745	0.045942	0.144735	2.71875	0.546875	0.490234	4.253968	0.375	0.048625	0.014779
e3_ctrl_small	228	735299	17.670402	0.54731	0.973861	0.048068	0.147902	2.671875	0.609375	0.499023	3.698413	0.34375	0.047207	0.01471
e3_ctrl_small	229	654683	18.06786	0.568904	0.975038	0.04602	0.141742	2.6875	0.546875	0.496094	3.603175	0.40625	0.048116	0.013865
e3_ctrl_small	230	480430	17.395552	0.562812	0.975338	0.045249	0.142378	3.203125	0.546875	0.399414	3.777778	0.328125	0.045146	0.015832
e3_ctrl_small	231	237848	17.447599	0.563732	0.973458	0.046649	0.144535	2.78125	0.625	0.478516	3.444444	0.421875	0.046065	0.015665
e3_ctrl_small	232	580792	17.521894	0.564318	0.974384	0.045958	0.143682	2.84375	0.5625	0.466797	3.698413	0.375	0.044871	0.015628
e3_ctrl_small	233	585403	15.394077	0.543485	0.973914	0.04688	0.145783	3.09375	0.609375	0.419922	3.492063	0.4375	0.040513	0.013356
e3_ctrl_small	234	597910	17.683573	0.55157	0.976381	0.043088	0.13969	3.078125	0.484375	0.422852	4.15873	0.328125	0.046516	0.015425
e3_ctrl_small	235	8125	15.479601	0.53945	0.975076	0.046017	0.144728	3.078125	0.5625	0.422852	3.952381	0.40625	0.041327	0.011788
e3_ctrl_small	236	329056	16.21814	0.554456	0.974528	0.04444	0.141488	3.609375	0.5	0.323242	4.222222	0.375	0.041222	0.01513
e3_ctrl_small	237	752873	15.911167	0.531997	0.975842	0.046114	0.141864	3.15625	0.546875	0.408203	3.730159	0.359375	0.04212	0.012931
e3_ctrl_small	238	673358	16.08594	0.525133	0.975785	0.044949	0.141803	3.328125	0.53125	0.375977	3.809524	0.390625	0.043838	0.012303
e3_ctrl_small	239	73807	16.375775	0.532068	0.976385	0.043845	0.139798	3.046875	0.5625	0.428711	3.698413	0.375	0.043683	0.012826
e3_ctrl_small	240	385915	17.132249	0.557013	0.973352	0.044775	0.145235	3.5	0.453125	0.34375	4.301587	0.34375	0.04527	0.013954
e3_ctrl_small	241	64545	15.165102	0.520304	0.976024	0.043809	0.139885	3.0625	0.5625	0.425781	3.507937	0.40625	0.03893	0.013653
e3_ctrl_small	242	586575	17.909077	0.57175	0.973834	0.046007	0.14436	3.515625	0.375	0.34082	4.761905	0.28125	0.047292	0.013924
e3_ctrl_small	243	165315	18.469946	0.556741	0.975854	0.044488	0.141705	3.03125	0.546875	0.431641	3.650794	0.328125	0.047435	0.01517
e3_ctrl_small	244	692739	19.872476	0.587105	0.973139	0.047852	0.14813	2.890625	0.609375	0.458008	4.174603	0.375	0.053726	0.015395
e3_ctrl_small	245	614461	16.205943	0.525967	0.976699	0.043442	0.138932	3.296875	0.484375	0.381836	3.603175	0.390625	0.043076	0.014372
e3_ctrl_small	246	332415	14.525018	0.516295	0.975334	0.045385	0.141834	2.640625	0.609375	0.504883	3.571429	0.421875	0.039931	0.010149
e3_ctrl_small	247	438601	17.756895	0.549941	0.975795	0.045098	0.140067	3.15625	0.59375	0.408203	4.269841	0.421875	0.04676	0.015638
e3_ctrl_small	248	19511	16.565744	0.547008	0.974935	0.04488	0.143377	2.953125	0.625	0.446289	3.857143	0.46875	0.045163	0.01199
e3_ctrl_small	249	143858	15.021449	0.518554	0.975625	0.045325	0.142273	2.890625	0.53125	0.458008	3.587302	0.390625	0.038533	0.013439
e3_ctrl_small	250	621404	18.237245	0.559706	0.974991	0.045692	0.142457	3.515625	0.484375	0.34082	4.142857	0.359375	0.048362	0.013709
e3_ctrl_small	251	281479	16.151819	0.531697	0.97689	0.041981	0.137102	3.3125	0.46875	0.378906	4.015873	0.28125	0.042751	0.01294
e3_ctrl_small	252	756801	16.976069	0.550023	0.975045	0.045434	0.143039	2.90625	0.609375	0.455078	4.031746	0.421875	0.044054	0.013596
e3_ctrl_small	253	257374	17.078578	0.556872	0.973365	0.046076	0.146017	3.140625	0.53125	0.411133	3.730159	0.375	0.044613	0.014049
e3_ctrl_small	254	421547	15.46305	0.547386	0.975555	0.043793	0.140024	3.53125	0.515625	0.337891	4.380952	0.375	0.041004	0.013047
e3_ctrl_small	255	24270	16.67398	0.542918	0.975445	0.044483	0.141654	2.78125	0.484375	0.478516	3.47619	0.359375	0.042812	0.014634
e3_ctrl_small	256	129722	16.968557	0.549218	0.974261	0.04707	0.144602	2.90625	0.546875	0.455078	3.793651	0.34375	0.045455	0.013504
e3_ctrl_small	257	55003	17.797661	0.558527	0.974943	0.04473	0.141731	3.3125	0.46875	0.378906	4.0	0.375	0.046074	0.014667
e3_ctrl_small	258	121899	17.807452	0.560917	0.974853	0.046133	0.143494	2.703125	0.578125	0.493164	3.84127	0.421875	0.04745	0.013806
e3_ctrl_small	259	234247	15.379245	0.533583	0.974523	0.047689	0.14677	2.515625	0.6875	0.52832	4.095238	0.390625	0.041707	0.012056
e3_ctrl_small	260	95186	18.173451	0.553092	0.975759	0.044523	0.140245	2.546875	0.609375	0.522461	3.809524	0.390625	0.048059	0.013743
e3_ctrl_small	261	695965	17.177145	0.533547	0.976638	0.042812	0.139354	3.609375	0.453125	0.323242	4.015873	0.34375	0.045519	0.01445
e3_ctrl_small	262	352030	18.321295	0.566875	0.975248	0.043889	0.141489	3.28125	0.484375	0.384766	4.587302	0.328125	0.04826	0.014994
e3_ctrl_small	263	689881	14.928083	0.525083	0.974808	0.045513	0.144601	2.734375	0.53125	0.487305	3.777778	0.328125	0.039022	0.013632
e3_ctrl_small	264	691640	16.895422	0.534685	0.976692	0.045035	0.140393	2.578125	0.65625	0.516602	3.968254	0.4375	0.044736	0.013726
e3_ctrl_small	265	462251	14.547845	0.520736	0.975591	0.044367	0.141169	3.4375	0.46875	0.355469	3.793651	0.375	0.039526	0.010101
e3_ctrl_small	266	445095	14.454701	0.515076	0.976805	0.043532	0.139278	3.53125	0.515625	0.337891	4.492063	0.328125	0.038244	0.012993
e3_ctrl_small	267	586984	16.035972	0.540364	0.974696	0.045395	0.142761	3.328125	0.484375	0.375977	3.47619	0.34375	0.042185	0.013096
e3_ctrl_small	268	640623	14.632745	0.523092	0.973813	0.047137	0.145459	3.125	0.53125	0.414062	3.777778	0.421875	0.038125	0.014189
e3_ctrl_small	269	495151	13.398659	0.507205	0.975225	0.045986	0.143609	2.921875	0.609375	0.452148	4.031746	0.40625	0.03502	0.011754
e3_ctrl_small	270	296821	15.984757	0.540361	0.975487	0.046167	0.142597	3.296875	0.59375	0.381836	3.809524	0.40625	0.04311	0.013438
e3_ctrl_small	271	192541	15.829926	0.531876	0.974723	0.045169	0.142185	3.09375	0.546875	0.419922	3.555556	0.40625	0.042577	0.011716
e3_ctrl_small	272	388334	15.617635	0.54183	0.974746	0.044451	0.142315	2.796875	0.546875	0.475586	3.888889	0.328125	0.040642	0.013989
e3_ctrl_small	273	445606	16.997538	0.539869	0.974808	0.045453	0.142841	2.6875	0.625	0.496094	3.777778	0.390625	0.044461	0.013524
e3_ctrl_small	274	282956	14.490547	0.521271	0.975218	0.045076	0.143066	2.9375	0.515625	0.449219	4.142857	0.3125	0.037899	0.012891
e3_ctrl_small	275	737730	18.402709	0.575452	0.973667	0.046763	0.145726	3.328125	0.46875	0.375977	4.190476	0.359375	0.049185	0.013929
e3_ctrl_small	276	502772	13.84737	0.510633	0.975353	0.045981	0.143599	2.734375	0.53125	0.487305	3.222222	0.390625	0.036148	0.013077
e3_ctrl_small	277	486027	16.280795	0.536383	0.973619	0.046804	0.145085	2.71875	0.59375	0.490234	3.730159	0.375	0.042682	0.014285
e3_ctrl_small	278	525987	17.353858	0.563306	0.974056	0.047913	0.147506	3.171875	0.484375	0.405273	4.587302	0.3125	0.046329	0.01274
e3_ctrl_small	279	483158	16.196191	0.535365	0.976389	0.042402	0.139428	3.40625	0.484375	0.361328	4.15873	0.453125	0.04239	0.013245
e3_ctrl_small	280	663620	16.375306	0.549427	0.974374	0.045144	0.143762	2.765625	0.609375	0.481445	3.68254	0.390625	0.043307	0.012992
e3_ctrl_small	281	312600	16.630552	0.534841	0.975132	0.045782	0.142685	3.046875	0.59375	0.428711	4.015873	0.375	0.043656	0.014508
e3_ctrl_small	282	2045	14.622735	0.517046	0.975765	0.042627	0.140683	3.40625	0.484375	0.361328	3.666667	0.359375	0.038637	0.012645
e3_ctrl_small	283	596900	17.727128	0.550377	0.974989	0.045252	0.14245	3.15625	0.578125	0.408203	3.714286	0.390625	0.047581	0.013718
e3_ctrl_small	284	341246	14.370974	0.511964	0.974333	0.047688	0.146176	2.609375	0.6875	0.510742	3.603175	0.4375	0.038191	0.012098
e3_ctrl_small	285	445640	19.416774	0.589235	0.972188	0.047786	0.147906	2.859375	0.578125	0.463867	3.730159	0.375	0.050623	0.015666
e3_ctrl_small	286	572422	17.327787	0.566733	0.97317	0.046161	0.146248	2.75	0.59375	0.484375	3.650794	0.4375	0.045717	0.013659
e3_ctrl_small	287	756363	17.041118	0.533538	0.975738	0.045063	0.140961	2.5	0.578125	0.53125	3.619048	0.453125	0.044894	0.01323
e3_ctrl_small	288	306314	15.334036	0.521834	0.975139	0.04474	0.142359	3.078125	0.5	0.422852	3.809524	0.34375	0.039152	0.013984
e3_ctrl_small	289	543578	15.977285	0.535398	0.975828	0.045066	0.140843	2.96875	0.5625	0.443359	4.206349	0.40625	0.042657	0.012899
e3_ctrl_small	290	465530	17.310061	0.546111	0.975461	0.043932	0.142202	3.15625	0.546875	0.408203	4.015873	0.359375	0.045902	0.014259
e3_ctrl_small	291	598558	15.631655	0.540083	0.973959	0.048357	0.145984	2.53125	0.609375	0.525391	3.206349	0.4375	0.041779	0.01171
e3_ctrl_small	292	611935	15.030901	0.509545	0.977207	0.043741	0.140145	3.34375	0.46875	0.373047	3.857143	0.359375	0.039295	0.013584
e3_ctrl_small	293	517538	15.645058	0.531873	0.975398	0.043993	0.141743	3.25	0.484375	0.390625	4.222222	0.34375	0.040149	0.01427
e3_ctrl_small	294	336146	16.828356	0.528615	0.9769	0.043874	0.140053	3.046875	0.53125	0.428711	3.68254	0.359375	0.045089	0.012371
e3_ctrl_small	295	225845	16.775451	0.541619	0.975446	0.044496	0.140075	2.640625	0.640625	0.504883	3.793651	0.421875	0.043898	0.013523
e3_ctrl_small	296	240625	16.990637	0.538516	0.97617	0.045967	0.141132	3.109375	0.625	0.416992	3.968254	0.4375	0.045427	0.014089
e3_ctrl_small	297	429118	13.506996	0.495364	0.977558	0.044104	0.137869	2.828125	0.546875	0.469727	3.253968	0.40625	0.0361	0.011489
e3_ctrl_small	298	333378	17.77174	0.563537	0.975066	0.043905	0.14087	2.671875	0.59375	0.499023	3.730159	0.390625	0.04662	0.015276
e3_ctrl_small	299	625366	16.398613	0.540557	0.973361	0.048053	0.147021	2.953125	0.53125	0.446289	3.587302	0.421875	0.043151	0.013521
random_uniform	0	0	4.984092	0.689589	0.952469	0.031562	0.123124	5.234375	0.0625	0.018555	5.888889	0.234375	2.208308	2.218592
random_uniform	1	1	4.574532	0.690722	0.953073	0.031736	0.124065	5.015625	0.109375	0.05957	5.428571	0.28125	1.882621	2.338752
random_uniform	2	2	5.167629	0.653841	0.954076	0.031306	0.12212	5.46875	0.09375	0.0	5.206349	0.234375	2.081838	2.759757
random_uniform	3	3	4.826954	0.684081	0.95238	0.031521	0.123196	5.109375	0.015625	0.041992	5.222222	0.25	2.073311	2.039388
random_uniform	4	4	5.335558	0.661354	0.956024	0.030841	0.120328	4.953125	0.078125	0.071289	4.777778	0.21875	2.336233	2.429098
random_uniform	5	5	4.879885	0.644313	0.955212	0.030683	0.120254	5.1875	0.078125	0.027344	5.460317	0.21875	1.935951	2.847894
random_uniform	6	6	5.308195	0.668445	0.953412	0.031847	0.124248	4.78125	0.03125	0.103516	5.126984	0.234375	2.174236	2.274839
random_uniform	7	7	4.787346	0.667473	0.95312	0.031548	0.123326	4.625	0.0625	0.132812	5.174603	0.234375	2.122884	2.224645
random_uniform	8	8	5.216162	0.658392	0.953656	0.031689	0.123502	5.171875	0.078125	0.030273	4.920635	0.234375	2.334154	2.485461
random_uniform	9	9	5.38971	0.656655	0.953369	0.031336	0.12235	5.140625	0.109375	0.036133	5.571429	0.234375	2.464035	2.409354
random_uniform	10	10	4.964638	0.655603	0.953577	0.031635	0.123247	5.515625	0.0625	0.0	5.809524	0.21875	2.319992	2.151777
random_uniform	11	11	4.792489	0.679512	0.952047	0.031628	0.123301	5.828125	0.046875	0.0	5.730159	0.28125	2.367629	2.319864
random_uniform	12	12	5.715254	0.658018	0.955007	0.031163	0.121327	5.125	0.015625	0.039062	5.126984	0.265625	2.589711	2.353693
random_uniform	13	13	4.938019	0.669332	0.954061	0.031285	0.122302	5.765625	0.046875	0.0	5.444444	0.296875	2.461529	2.343096
random_uniform	14	14	5.672528	0.674548	0.954656	0.031627	0.12308	5.390625	0.0625	0.0	5.666667	0.234375	2.559465	2.218713
random_uniform	15	15	4.983151	0.667168	0.953163	0.031249	0.121766	5.515625	0.046875	0.0	5.857143	0.21875	2.178574	2.411234
random_uniform	16	16	4.386096	0.655802	0.954651	0.031056	0.120977	5.515625	0.0625	0.0	4.84127	0.234375	1.9959	2.104116
random_uniform	17	17	5.664417	0.661134	0.955023	0.031351	0.122179	5.203125	0.109375	0.024414	5.142857	0.21875	2.522432	1.807738
random_uniform	18	18	4.644422	0.661344	0.954001	0.031347	0.122142	5.0	0.0625	0.0625	4.809524	0.296875	2.118831	2.181592
random_uniform	19	19	5.416362	0.668829	0.953871	0.031314	0.122541	5.59375	0.03125	0.0	5.428571	0.265625	2.182835	2.381805
random_uniform	20	20	5.567889	0.657512	0.953273	0.031156	0.121698	5.8125	0.03125	0.0	5.619048	0.25	2.322222	2.232901
random_uniform	21	21	5.016173	0.688111	0.951486	0.031733	0.123876	5.765625	0.03125	0.0	5.587302	0.234375	2.007541	2.085172
random_uniform	22	22	5.648892	0.649254	0.953425	0.031626	0.123175	5.390625	0.015625	0.0	5.380952	0.296875	2.684872	2.364394
random_uniform	23	23	5.945019	0.675086	0.952352	0.031816	0.12389	5.234375	0.078125	0.018555	5.079365	0.265625	2.503722	2.175236
random_uniform	24	24	5.288949	0.670803	0.953499	0.031536	0.123015	5.46875	0.078125	0.0	5.412698	0.25	2.167197	2.300516
random_uniform	25	25	5.322849	0.658069	0.954531	0.031147	0.121654	5.46875	0.03125	0.0	5.349206	0.1875	2.268325	2.146485
random_uniform	26	26	5.350754	0.662763	0.953933	0.031258	0.121641	5.390625	0.03125	0.0	5.285714	0.25	2.208681	2.553904
random_uniform	27	27	4.709618	0.696604	0.952322	0.031248	0.122438	5.15625	0.078125	0.033203	5.222222	0.234375	2.222057	1.967234
random_uniform	28	28	5.693458	0.676126	0.953762	0.031235	0.122152	5.296875	0.015625	0.006836	5.269841	0.265625	2.687712	2.239298
random_uniform	29	29	4.590742	0.677283	0.952552	0.0318	0.123753	5.6875	0.03125	0.0	5.079365	0.265625	2.044562	2.152718
random_uniform	30	30	5.104554	0.656514	0.953115	0.031949	0.124777	5.421875	0.046875	0.0	5.444444	0.25	2.186162	1.824295
random_uniform	31	31	5.64646	0.691831	0.953226	0.03154	0.123111	5.296875	0.015625	0.006836	5.047619	0.28125	2.538397	2.045611
random_uniform	32	32	4.588139	0.657741	0.953282	0.03105	0.121746	5.65625	0.0625	0.0	5.587302	0.265625	2.12173	2.403365
random_uniform	33	33	4.89425	0.637442	0.955122	0.031104	0.121635	4.625	0.078125	0.132812	5.412698	0.234375	1.984193	2.563632
random_uniform	34	34	4.535401	0.650389	0.954834	0.031123	0.121517	5.296875	0.0625	0.006836	5.206349	0.25	2.145485	1.808595
random_uniform	35	35	5.052492	0.66856	0.95393	0.030983	0.121312	5.421875	0.03125	0.0	4.952381	0.234375	2.293933	2.407798
random_uniform	36	36	5.070568	0.654475	0.955689	0.031016	0.121052	5.65625	0.03125	0.0	5.15873	0.265625	2.092331	2.6035
random_uniform	37	37	5.522795	0.682393	0.953221	0.031524	0.123336	5.171875	0.0625	0.030273	5.238095	0.265625	2.411506	2.301695
random_uniform	38	38	6.051508	0.670069	0.953598	0.031512	0.122749	4.859375	0.078125	0.088867	5.222222	0.25	2.544166	1.844418
random_uniform	39	39	5.099944	0.668741	0.953809	0.031358	0.122405	6.203125	0.046875	0.0	5.460317	0.296875	2.143154	2.466608
random_uniform	40	40	5.013394	0.663047	0.954408	0.031265	0.122083	5.796875	0.015625	0.0	5.507937	0.265625	2.212641	2.138766
random_uniform	41	41	5.855726	0.686776	0.953629	0.031464	0.122671	5.703125	0.03125	0.0	5.746032	0.28125	2.384197	2.470889
random_uniform	42	42	5.1076	0.6673	0.953069	0.031504	0.122742	5.84375	0.0625	0.0	5.47619	0.21875	2.167249	2.08002
random_uniform	43	43	4.78857	0.675939	0.954299	0.03146	0.122733	5.078125	0.046875	0.047852	5.206349	0.234375	2.089866	2.320556
random_uniform	44	44	5.804713	0.668816	0.954366	0.03138	0.122474	5.0	0.046875	0.0625	5.190476	0.21875	2.541737	2.215014
random_uniform	45	45	6.048747	0.667891	0.953761	0.031321	0.122399	5.28125	0.109375	0.009766	5.126984	0.328125	2.537551	2.523263
random_uniform	46	46	4.851345	0.652072	0.954076	0.031099	0.121386	5.359375	0.046875	0.0	5.587302	0.25	2.421821	2.272175
random_uniform	47	47	5.087819	0.668142	0.953459	0.031264	0.122253	5.65625	0.046875	0.0	5.333333	0.234375	2.080476	2.534214
random_uniform	48	48	5.641767	0.671378	0.953421	0.031718	0.123628	5.78125	0.0	0.0	5.365079	0.234375	2.65226	1.709743
random_uniform	49	49	4.992518	0.67732	0.951185	0.031892	0.124173	5.359375	0.015625	0.0	5.190476	0.25	2.143172	2.116963
random_uniform	50	50	5.366671	0.644973	0.952986	0.031569	0.123019	5.359375	0.046875	0.0	5.52381	0.234375	2.572716	2.053058
random_uniform	51	51	4.694803	0.660121	0.953229	0.031475	0.122594	5.234375	0.015625	0.018555	5.52381	0.1875	2.117096	1.95509
random_uniform	52	52	5.60036	0.660599	0.954636	0.031186	0.121886	5.15625	0.046875	0.033203	5.190476	0.25	2.263806	2.148412
random_uniform	53	53	5.233469	0.663189	0.953269	0.031206	0.122064	5.40625	0.015625	0.0	5.730159	0.265625	2.42153	2.045509
random_uniform	54	54	4.659219	0.657281	0.954414	0.031481	0.122589	5.875	0.046875	0.0	5.492063	0.21875	2.114088	1.949301
random_uniform	55	55	4.684538	0.675018	0.955125	0.030887	0.12055	5.40625	0.03125	0.0	5.460317	0.265625	2.244588	2.004051
random_uniform	56	56	5.421245	0.650625	0.952763	0.031525	0.122948	5.890625	0.078125	0.0	5.539683	0.21875	2.497573	2.164553
random_uniform	57	57	4.983098	0.651387	0.953264	0.031421	0.12274	5.28125	0.0625	0.009766	5.52381	0.21875	2.398063	2.309396
random_uniform	58	58	5.305905	0.680732	0.952466	0.031837	0.123988	5.359375	0.03125	0.0	5.380952	0.234375	2.170046	2.310854
random_uniform	59	59	5.071377	0.673958	0.953794	0.031362	0.122386	4.9375	0.0625	0.074219	5.095238	0.21875	2.280402	2.316796
random_uniform	60	60	5.357925	0.651802	0.953728	0.031533	0.123051	5.015625	0.046875	0.05957	4.809524	0.234375	2.160413	2.685698
random_uniform	61	61	5.663512	0.680491	0.953253	0.031691	0.123723	5.078125	0.03125	0.047852	4.84127	0.25	2.673578	2.115895
random_uniform	62	62	5.226564	0.672802	0.954668	0.031415	0.122441	5.640625	0.0625	0.0	5.587302	0.296875	2.102399	2.368097
random_uniform	63	63	5.112095	0.65046	0.954953	0.030987	0.121142	5.234375	0.015625	0.018555	5.095238	0.21875	2.153464	2.145646
random_uniform	64	64	5.010821	0.666945	0.953344	0.031429	0.122906	4.90625	0.140625	0.080078	5.031746	0.21875	2.238337	2.220253
random_uniform	65	65	4.345884	0.655334	0.9543	0.030826	0.120349	5.234375	0.078125	0.018555	5.412698	0.21875	2.274332	2.031687
random_uniform	66	66	5.460287	0.665397	0.955257	0.030992	0.121005	5.75	0.0	0.0	5.746032	0.234375	2.242084	2.503757
random_uniform	67	67	5.074673	0.664291	0.954693	0.031109	0.121374	5.65625	0.046875	0.0	5.555556	0.21875	2.27839	2.164077
random_uniform	68	68	5.097213	0.658351	0.953104	0.031456	0.122927	5.21875	0.0625	0.021484	4.84127	0.25	2.205834	2.409384
random_uniform	69	69	5.464974	0.684262	0.953217	0.031657	0.123386	5.53125	0.03125	0.0	5.174603	0.25	2.486273	2.336229
random_uniform	70	70	5.003958	0.676353	0.952221	0.031751	0.123967	5.03125	0.09375	0.056641	5.190476	0.234375	2.336476	2.102689
random_uniform	71	71	4.865957	0.676614	0.953597	0.031578	0.122961	5.265625	0.0625	0.012695	5.31746	0.234375	2.351083	2.354025
random_uniform	72	72	5.08117	0.652751	0.954198	0.03128	0.121697	5.53125	0.03125	0.0	5.587302	0.234375	2.081587	2.361248
random_uniform	73	73	4.924033	0.691258	0.952573	0.031482	0.122845	5.671875	0.078125	0.0	5.174603	0.25	2.180839	2.323994
random_uniform	74	74	4.680534	0.668517	0.95236	0.031631	0.123714	5.09375	0.046875	0.044922	5.047619	0.234375	2.016169	2.200321
random_uniform	75	75	5.458945	0.652036	0.954636	0.031295	0.122039	5.328125	0.03125	0.000977	5.460317	0.234375	2.252641	2.69658
random_uniform	76	76	4.976245	0.669252	0.953501	0.0317	0.12354	5.15625	0.0625	0.033203	5.460317	0.265625	2.035796	2.268062
random_uniform	77	77	5.836332	0.689675	0.952887	0.031859	0.124087	5.53125	0.03125	0.0	5.571429	0.234375	2.265822	2.432528
random_uniform	78	78	5.523237	0.664136	0.954617	0.031315	0.122115	5.203125	0.078125	0.024414	5.571429	0.3125	2.598596	2.601607
random_uniform	79	79	4.458394	0.672829	0.954167	0.031492	0.122547	5.765625	0.0625	0.0	5.492063	0.234375	2.16854	2.069103
random_uniform	80	80	5.34463	0.631214	0.955529	0.030975	0.120739	5.734375	0.0625	0.0	5.793651	0.234375	2.204297	2.63372
random_uniform	81	81	4.84205	0.677181	0.953457	0.031516	0.122865	4.828125	0.046875	0.094727	5.238095	0.25	2.231776	2.101286
random_uniform	82	82	5.317038	0.675156	0.952754	0.031547	0.123625	5.71875	0.046875	0.0	5.285714	0.25	2.275014	2.326431
random_uniform	83	83	5.037067	0.660397	0.954169	0.031293	0.122113	5.078125	0.078125	0.047852	4.730159	0.21875	2.321186	2.13275
random_uniform	84	84	6.199162	0.691279	0.952567	0.031874	0.124339	5.234375	0.0625	0.018555	5.47619	0.21875	2.546906	1.917146
random_uniform	85	85	5.429822	0.67399	0.954274	0.031274	0.122131	5.578125	0.015625	0.0	5.428571	0.25	2.296055	2.266581
random_uniform	86	86	4.486938	0.670421	0.953945	0.031402	0.122299	5.046875	0.046875	0.053711	5.460317	0.265625	1.99917	1.971749
random_uniform	87	87	6.021392	0.690713	0.951357	0.031668	0.123976	5.015625	0.078125	0.05957	4.761905	0.21875	2.573083	2.301215
random_uniform	88	88	5.050409	0.655679	0.954988	0.030891	0.120794	5.078125	0.125	0.047852	5.460317	0.265625	2.39051	1.981571
random_uniform	89	89	4.27068	0.668873	0.953116	0.03188	0.124141	5.296875	0.03125	0.006836	5.571429	0.234375	1.986565	1.772876
random_uniform	90	90	4.675149	0.670364	0.953427	0.031483	0.122643	5.546875	0.03125	0.0	5.301587	0.234375	2.149973	2.04564
random_uniform	91	91	4.778544	0.669568	0.952334	0.031504	0.123108	5.40625	0.046875	0.0	5.253968	0.234375	2.089737	2.149595
random_uniform	92	92	6.029335	0.665688	0.953015	0.031503	0.122888	5.453125	0.078125	0.0	5.206349	0.234375	2.628292	2.165266
random_uniform	93	93	5.157879	0.69183	0.951253	0.031511	0.123178	5.21875	0.09375	0.021484	5.126984	0.21875	2.245528	2.135741
random_uniform	94	94	5.383139	0.662157	0.954235	0.031537	0.123039	5.078125	0.015625	0.047852	5.206349	0.21875	2.333333	2.067638
random_uniform	95	95	5.65133	0.662898	0.955624	0.030928	0.120656	5.640625	0.046875	0.0	5.174603	0.25	2.422658	2.234014
random_uniform	96	96	5.262921	0.670845	0.95249	0.031709	0.123685	5.78125	0.015625	0.0	5.619048	0.21875	2.414848	2.129757
random_uniform	97	97	4.356409	0.667372	0.953135	0.031582	0.123395	4.515625	0.046875	0.15332	4.952381	0.203125	1.840765	2.124708
random_uniform	98	98	5.949857	0.674879	0.95162	0.03149	0.122876	5.46875	0.03125	0.0	5.269841	0.25	2.382482	2.733876
random_uniform	99	99	4.728383	0.66111	0.953329	0.031408	0.122952	5.671875	0.046875	0.0	5.793651	0.25	2.115103	2.333621
random_uniform	100	100	5.203982	0.647636	0.955147	0.031247	0.121621	5.453125	0.0625	0.0	5.52381	0.25	2.388023	1.967333
random_uniform	101	101	4.349746	0.664525	0.953564	0.031235	0.121907	5.40625	0.0625	0.0	5.444444	0.265625	1.923617	2.079573
random_uniform	102	102	5.197922	0.666393	0.953742	0.031362	0.122507	5.703125	0.015625	0.0	5.666667	0.234375	2.111339	2.342508
random_uniform	103	103	5.074979	0.658593	0.953707	0.031315	0.122021	5.453125	0.03125	0.0	5.555556	0.28125	2.401987	2.269651
random_uniform	104	104	5.769984	0.662771	0.953409	0.031602	0.123205	5.359375	0.0625	0.0	5.396825	0.3125	2.431134	2.032442
random_uniform	105	105	5.239211	0.667813	0.95344	0.031791	0.123571	5.0	0.0625	0.0625	5.222222	0.234375	2.169263	2.414603
random_uniform	106	106	4.519677	0.665349	0.953514	0.03142	0.122365	5.625	0.03125	0.0	5.666667	0.25	2.133291	2.012188
random_uniform	107	107	4.797494	0.657197	0.954047	0.031278	0.121951	5.453125	0.0625	0.0	5.68254	0.21875	2.197373	2.532785
random_uniform	108	108	4.716135	0.661148	0.953622	0.031179	0.12193	5.203125	0.046875	0.024414	5.142857	0.234375	2.136852	2.40066
random_uniform	109	109	4.585807	0.660724	0.954513	0.031546	0.122746	4.921875	0.03125	0.077148	5.349206	0.234375	2.302963	2.689164
random_uniform	110	110	4.70883	0.660171	0.955349	0.031149	0.121817	5.96875	0.015625	0.0	5.380952	0.265625	2.20049	1.954789
random_uniform	111	111	5.420383	0.657222	0.954434	0.031334	0.122326	5.0	0.078125	0.0625	5.142857	0.203125	2.362762	2.201459
random_uniform	112	112	5.411188	0.682993	0.952197	0.03174	0.123786	4.96875	0.0625	0.068359	4.714286	0.25	2.490869	2.096741
random_uniform	113	113	5.05333	0.670481	0.953286	0.031084	0.121613	5.609375	0.03125	0.0	4.936508	0.28125	2.23683	2.379754
random_uniform	114	114	5.325246	0.667046	0.954896	0.030922	0.120729	5.125	0.046875	0.039062	5.063492	0.234375	2.303421	2.114901
random_uniform	115	115	5.124723	0.651841	0.954759	0.031326	0.122609	5.515625	0.03125	0.0	6.0	0.234375	2.256159	2.353572
random_uniform	116	116	4.857542	0.662073	0.954868	0.031108	0.121976	5.359375	0.046875	0.0	5.269841	0.203125	2.13044	2.118337
random_uniform	117	117	5.29741	0.666506	0.952715	0.031585	0.122943	5.40625	0.03125	0.0	5.571429	0.25	2.272032	2.476104
random_uniform	118	118	5.694461	0.671219	0.953216	0.031663	0.123012	5.578125	0.015625	0.0	4.714286	0.265625	2.320369	2.032756
random_uniform	119	119	4.534933	0.646418	0.954794	0.031114	0.121457	5.953125	0.015625	0.0	5.412698	0.234375	2.045108	2.107152
random_uniform	120	120	5.427902	0.653872	0.954445	0.031392	0.122486	5.546875	0.046875	0.0	5.142857	0.265625	2.390547	2.266561
random_uniform	121	121	5.198584	0.656924	0.954583	0.031173	0.121648	5.265625	0.078125	0.012695	5.492063	0.265625	2.335076	2.205469
random_uniform	122	122	5.138505	0.660511	0.953002	0.031738	0.124024	4.9375	0.078125	0.074219	5.142857	0.21875	2.314746	2.256529
random_uniform	123	123	5.928634	0.667529	0.953205	0.031683	0.123754	5.84375	0.0625	0.0	5.460317	0.265625	2.555543	2.1361
random_uniform	124	124	5.311846	0.678988	0.951892	0.031784	0.124152	4.65625	0.0625	0.126953	5.063492	0.21875	2.484737	2.801624
random_uniform	125	125	5.805407	0.659477	0.954298	0.031198	0.121857	5.640625	0.015625	0.0	5.730159	0.296875	2.718131	2.347931
random_uniform	126	126	5.359032	0.656196	0.953821	0.03167	0.1234	5.40625	0.015625	0.0	5.174603	0.25	2.541889	2.340716
random_uniform	127	127	4.403905	0.672183	0.954164	0.031349	0.122616	5.5	0.046875	0.0	5.412698	0.234375	2.128287	2.273557
random_uniform	128	128	5.800585	0.666314	0.954659	0.031557	0.122985	5.46875	0.0625	0.0	5.777778	0.234375	2.582768	2.129233
random_uniform	129	129	5.038897	0.658268	0.95435	0.030973	0.121137	5.515625	0.046875	0.0	5.206349	0.265625	2.238709	2.176711
random_uniform	130	130	4.806534	0.648551	0.955837	0.030662	0.119652	5.15625	0.0625	0.033203	5.31746	0.25	2.015136	2.10432
random_uniform	131	131	5.101792	0.669542	0.953824	0.031365	0.122418	5.34375	0.015625	0.0	4.920635	0.25	2.263425	1.964235
random_uniform	132	132	4.874444	0.633717	0.955345	0.031223	0.122282	5.1875	0.0625	0.027344	5.555556	0.25	2.304176	2.037751
random_uniform	133	133	5.161579	0.656115	0.952986	0.031531	0.123003	5.46875	0.03125	0.0	5.412698	0.28125	2.342361	2.11005
random_uniform	134	134	4.951018	0.668106	0.953698	0.031467	0.122575	4.9375	0.078125	0.074219	4.730159	0.203125	2.199987	2.357208
random_uniform	135	135	5.343684	0.668775	0.953062	0.031511	0.123173	5.21875	0.09375	0.021484	5.333333	0.234375	2.343547	1.944554
random_uniform	136	136	6.518238	0.670501	0.953787	0.031402	0.122596	5.125	0.078125	0.039062	5.31746	0.25	2.950043	2.235246
random_uniform	137	137	5.915694	0.666842	0.95393	0.031601	0.123631	5.890625	0.0625	0.0	5.968254	0.265625	2.670575	2.205114
random_uniform	138	138	4.642282	0.663188	0.953415	0.031803	0.123979	5.609375	0.015625	0.0	5.428571	0.28125	2.095363	2.052745
random_uniform	139	139	4.959181	0.672535	0.95252	0.031645	0.12351	5.171875	0.0625	0.030273	5.206349	0.265625	2.173859	2.42997
random_uniform	140	140	5.840747	0.687507	0.95363	0.031491	0.122637	5.515625	0.046875	0.0	5.428571	0.234375	2.652386	2.043085
random_uniform	141	141	5.621144	0.682513	0.95246	0.031672	0.123921	5.546875	0.078125	0.0	5.47619	0.21875	2.625674	2.359624
random_uniform	142	142	4.281942	0.666382	0.952927	0.031721	0.123625	5.625	0.03125	0.0	5.507937	0.234375	1.94025	2.428078
random_uniform	143	143	5.039179	0.657497	0.952161	0.03154	0.122988	5.546875	0.09375	0.0	5.634921	0.25	2.151906	2.235024
random_uniform	144	144	5.778602	0.66025	0.954143	0.031537	0.123033	5.0	0.046875	0.0625	5.52381	0.21875	2.34147	2.249538
random_uniform	145	145	5.228735	0.675727	0.954192	0.03134	0.122502	5.296875	0.046875	0.006836	5.063492	0.265625	2.297736	2.435474
random_uniform	146	146	5.093966	0.680354	0.953169	0.031726	0.123801	5.078125	0.078125	0.047852	5.079365	0.203125	2.302584	2.453609
random_uniform	147	147	5.214577	0.657853	0.953978	0.031527	0.123281	5.4375	0.03125	0.0	5.460317	0.234375	2.199463	2.261174
random_uniform	148	148	5.230736	0.65643	0.953813	0.031638	0.123549	5.796875	0.046875	0.0	5.52381	0.28125	2.255727	2.340681
random_uniform	149	149	5.693589	0.678763	0.953023	0.031494	0.123063	5.375	0.046875	0.0	5.412698	0.1875	2.566082	2.195258
random_uniform	150	150	4.913876	0.670429	0.953252	0.031617	0.123511	5.328125	0.0625	0.000977	5.15873	0.203125	2.142181	2.19256
random_uniform	151	151	5.089987	0.666411	0.954975	0.031428	0.122409	5.5	0.078125	0.0	5.31746	0.265625	2.250816	1.70824
random_uniform	152	152	5.547063	0.658257	0.952955	0.031658	0.123864	5.828125	0.0625	0.0	5.269841	0.25	2.404775	2.566365
random_uniform	153	153	4.900858	0.660134	0.954498	0.031035	0.121375	5.140625	0.046875	0.036133	5.365079	0.234375	2.166859	2.410904
random_uniform	154	154	5.508709	0.663496	0.953151	0.031213	0.121731	4.609375	0.109375	0.135742	4.84127	0.234375	2.475574	2.110324
random_uniform	155	155	5.292129	0.704246	0.951551	0.031944	0.125024	5.3125	0.03125	0.003906	4.936508	0.234375	2.075937	2.307902
random_uniform	156	156	5.15865	0.657261	0.954737	0.031191	0.121884	4.515625	0.109375	0.15332	4.714286	0.25	2.350187	2.155312
random_uniform	157	157	5.761204	0.655677	0.954099	0.031562	0.12313	5.640625	0.0625	0.0	5.460317	0.25	2.599099	2.320766
random_uniform	158	158	5.563758	0.658945	0.955439	0.031156	0.121772	5.171875	0.09375	0.030273	5.190476	0.234375	2.310809	2.455262
random_uniform	159	159	5.49977	0.665643	0.953084	0.031523	0.123105	5.296875	0.0625	0.006836	5.253968	0.25	2.420989	2.191267
random_uniform	160	160	5.61914	0.690821	0.952724	0.031549	0.123198	4.765625	0.140625	0.106445	4.777778	0.1875	2.39295	2.343049
random_uniform	161	161	5.875832	0.680037	0.952748	0.031514	0.123109	5.375	0.09375	0.0	4.984127	0.21875	2.279518	2.220343
random_uniform	162	162	4.638892	0.670176	0.953161	0.031039	0.121462	5.34375	0.078125	0.0	5.015873	0.265625	1.817099	2.48451
random_uniform	163	163	5.38686	0.661958	0.953343	0.031481	0.122508	5.0	0.0625	0.0625	5.190476	0.21875	2.338545	2.283528
random_uniform	164	164	5.228075	0.661886	0.953396	0.031208	0.122168	5.203125	0.046875	0.024414	5.47619	0.28125	2.167535	2.437005
random_uniform	165	165	5.008391	0.654626	0.954613	0.031075	0.121635	5.3125	0.09375	0.003906	5.142857	0.234375	2.257216	2.204405
random_uniform	166	166	5.325413	0.660032	0.954017	0.031457	0.122978	5.375	0.09375	0.0	5.47619	0.265625	2.251551	2.46402
random_uniform	167	167	5.396247	0.6656	0.955676	0.030995	0.121039	4.875	0.0625	0.085937	5.349206	0.25	2.243402	2.282299
random_uniform	168	168	6.284583	0.66903	0.955076	0.031145	0.121793	5.4375	0.015625	0.0	5.587302	0.21875	2.749551	2.894636
random_uniform	169	169	4.39903	0.660525	0.954481	0.031058	0.121017	5.453125	0.078125	0.0	5.603175	0.25	1.898258	1.891575
random_uniform	170	170	5.38295	0.689442	0.953226	0.031677	0.123829	5.46875	0.015625	0.0	5.746032	0.28125	2.369213	2.387803
random_uniform	171	171	5.52212	0.660903	0.956063	0.030665	0.119829	5.421875	0.078125	0.0	5.460317	0.234375	2.635668	2.580051
random_uniform	172	172	5.678211	0.677223	0.953772	0.031682	0.123402	5.734375	0.03125	0.0	5.396825	0.296875	2.428776	2.385202
random_uniform	173	173	4.759803	0.661353	0.95389	0.031454	0.122562	5.390625	0.015625	0.0	5.301587	0.234375	2.123185	2.210871
random_uniform	174	174	5.066453	0.678469	0.953925	0.031461	0.122891	6.140625	0.09375	0.0	5.857143	0.234375	2.302143	2.363557
random_uniform	175	175	5.035845	0.648864	0.954616	0.031281	0.1217	5.296875	0.046875	0.006836	5.444444	0.234375	2.128376	2.100541
random_uniform	176	176	5.280272	0.663117	0.954002	0.031426	0.122269	5.3125	0.03125	0.003906	4.904762	0.28125	2.237676	2.462329
random_uniform	177	177	4.038754	0.675655	0.951912	0.031539	0.12312	5.515625	0.03125	0.0	5.920635	0.234375	1.858506	2.146044
random_uniform	178	178	5.078567	0.678332	0.953402	0.031586	0.123195	4.84375	0.09375	0.091797	5.253968	0.203125	2.321108	2.364294
random_uniform	179	179	4.874941	0.681177	0.952491	0.031968	0.124631	5.171875	0.140625	0.030273	5.301587	0.21875	2.158479	2.627581
random_uniform	180	180	4.896768	0.683003	0.951404	0.031904	0.124574	5.359375	0.09375	0.0	5.301587	0.21875	2.237235	2.141963
random_uniform	181	181	5.585744	0.659814	0.95468	0.031308	0.122213	5.40625	0.0625	0.0	5.15873	0.296875	2.503411	2.07519
random_uniform	182	182	5.156007	0.656257	0.953972	0.031088	0.12152	5.390625	0.046875	0.0	5.444444	0.28125	2.27955	2.274777
random_uniform	183	183	4.864968	0.643062	0.954292	0.031193	0.121264	5.296875	0.078125	0.006836	5.380952	0.265625	2.323969	2.302394
random_uniform	184	184	4.261003	0.65307	0.954396	0.031061	0.12154	4.953125	0.0625	0.071289	4.52381	0.25	1.915013	2.335486
random_uniform	185	185	5.935621	0.662072	0.952744	0.031597	0.123176	5.421875	0.078125	0.0	5.126984	0.28125	2.409923	2.244389
random_uniform	186	186	5.351224	0.66766	0.954504	0.031368	0.122531	5.234375	0.0625	0.018555	5.222222	0.3125	2.343249	2.164678
random_uniform	187	187	5.638975	0.675517	0.952687	0.031482	0.122975	5.25	0.078125	0.015625	5.428571	0.234375	2.367581	2.09585
random_uniform	188	188	5.569809	0.673077	0.95302	0.031596	0.123258	5.8125	0.0	0.0	5.873016	0.25	2.391455	2.304928
random_uniform	189	189	5.596293	0.654163	0.953986	0.031303	0.122408	5.1875	0.09375	0.027344	5.396825	0.21875	2.322229	2.409474
random_uniform	190	190	4.947022	0.664767	0.954642	0.031007	0.121358	5.28125	0.09375	0.009766	5.238095	0.21875	2.027112	2.639835
random_uniform	191	191	6.219911	0.655708	0.954014	0.03155	0.122828	5.625	0.03125	0.0	4.904762	0.25	2.544013	2.319249
random_uniform	192	192	5.152201	0.660698	0.952795	0.031103	0.121566	5.265625	0.0625	0.012695	5.079365	0.25	2.294036	2.331585
random_uniform	193	193	5.148307	0.668414	0.954378	0.03164	0.123474	6.0	0.03125	0.0	5.952381	0.28125	2.209362	2.155629
random_uniform	194	194	5.937983	0.660024	0.953372	0.031704	0.123472	5.59375	0.015625	0.0	5.920635	0.28125	2.79166	2.468678
random_uniform	195	195	5.468479	0.665223	0.954726	0.031162	0.121853	5.265625	0.046875	0.012695	5.492063	0.203125	2.402451	2.448579
random_uniform	196	196	4.958008	0.667884	0.95263	0.031366	0.122322	5.453125	0.078125	0.0	5.634921	0.265625	2.307921	2.219696
random_uniform	197	197	4.278896	0.662344	0.954552	0.030727	0.120268	4.875	0.046875	0.085937	4.873016	0.21875	2.110047	2.074488
random_uniform	198	198	4.901936	0.64994	0.953908	0.031248	0.122183	5.546875	0.015625	0.0	6.015873	0.3125	2.207031	2.353458
random_uniform	199	199	4.464072	0.665114	0.951756	0.031445	0.12297	6.09375	0.015625	0.0	6.047619	0.265625	2.071065	2.187309
random_uniform	200	200	5.205665	0.672656	0.9535	0.031618	0.123467	5.09375	0.0625	0.044922	5.396825	0.28125	2.135081	2.449263
random_uniform	201	201	4.683773	0.68077	0.952645	0.031696	0.123688	4.71875	0.0625	0.115234	5.095238	0.234375	2.04919	2.227709
random_uniform	202	202	4.943813	0.663749	0.953523	0.031062	0.121249	5.15625	0.078125	0.033203	4.920635	0.265625	2.191078	2.400933
random_uniform	203	203	5.516623	0.6683	0.954433	0.031238	0.121845	5.234375	0.109375	0.018555	5.539683	0.234375	2.470002	2.243856
random_uniform	204	204	4.819225	0.633899	0.956628	0.030972	0.120582	5.359375	0.0625	0.0	5.539683	0.25	2.117611	2.477703
random_uniform	205	205	4.870699	0.673122	0.953051	0.031315	0.122568	5.140625	0.078125	0.036133	5.349206	0.25	2.112403	2.330215
random_uniform	206	206	4.581509	0.665153	0.952931	0.031542	0.123251	5.234375	0.109375	0.018555	4.968254	0.21875	2.176041	2.275119
random_uniform	207	207	5.524668	0.64713	0.9549	0.030752	0.120136	4.90625	0.09375	0.080078	5.126984	0.234375	2.350998	2.123579
random_uniform	208	208	4.980616	0.664252	0.953551	0.031292	0.122176	5.4375	0.0625	0.0	4.936508	0.25	2.023478	2.466094
random_uniform	209	209	5.008613	0.659574	0.954265	0.030953	0.120754	4.984375	0.125	0.06543	5.126984	0.234375	2.290673	2.251591
random_uniform	210	210	5.081323	0.677255	0.95313	0.031244	0.121887	5.125	0.046875	0.039062	5.301587	0.203125	2.305401	2.375427
random_uniform	211	211	4.804612	0.682533	0.952667	0.031767	0.123868	5.40625	0.03125	0.0	5.126984	0.234375	2.084417	2.186169
random_uniform	212	212	4.700067	0.684201	0.951654	0.031422	0.122658	5.015625	0.078125	0.05957	5.571429	0.234375	1.91918	2.459145
random_uniform	213	213	5.590468	0.65517	0.954513	0.031658	0.123521	4.96875	0.09375	0.068359	5.571429	0.234375	2.435637	1.911672
random_uniform	214	214	4.845328	0.685635	0.953981	0.031268	0.122434	5.421875	0.03125	0.0	5.349206	0.25	1.988214	2.4531
random_uniform	215	215	4.690576	0.662804	0.953752	0.031402	0.122748	4.984375	0.09375	0.06543	5.285714	0.234375	2.37573	2.1982
random_uniform	216	216	5.440404	0.660196	0.952768	0.03126	0.121859	5.25	0.0625	0.015625	5.380952	0.203125	2.346039	2.239344
random_uniform	217	217	5.07591	0.660722	0.952991	0.031425	0.122463	4.734375	0.09375	0.112305	4.492063	0.21875	2.245969	2.339009
random_uniform	218	218	5.121302	0.675224	0.9524	0.031368	0.122094	5.46875	0.046875	0.0	5.650794	0.28125	2.229517	2.254386
random_uniform	219	219	4.952904	0.658717	0.954868	0.031181	0.121708	5.1875	0.046875	0.027344	5.380952	0.234375	2.001928	2.329272
random_uniform	220	220	4.926119	0.648443	0.954032	0.031225	0.121756	5.890625	0.0625	0.0	5.587302	0.234375	2.051315	2.279863
random_uniform	221	221	5.343062	0.638992	0.95508	0.031257	0.121735	5.828125	0.0625	0.0	4.984127	0.21875	2.165384	2.696242
random_uniform	222	222	5.631841	0.689712	0.950897	0.032373	0.126122	5.53125	0.0	0.0	5.380952	0.25	2.351738	2.547189
random_uniform	223	223	4.726696	0.668438	0.952608	0.031355	0.122496	5.59375	0.03125	0.0	5.396825	0.296875	2.173696	2.56966
random_uniform	224	224	4.958752	0.657687	0.954777	0.031473	0.122525	5.640625	0.046875	0.0	5.84127	0.234375	2.117635	2.146528
random_uniform	225	225	4.780541	0.673257	0.953538	0.031233	0.122511	4.859375	0.09375	0.088867	5.126984	0.203125	2.150984	2.127444
random_uniform	226	226	5.485502	0.67053	0.953037	0.031658	0.123862	5.765625	0.046875	0.0	5.253968	0.296875	2.18757	2.162482
random_uniform	227	227	5.340757	0.655994	0.955062	0.031167	0.121844	5.0	0.03125	0.0625	5.238095	0.203125	2.25633	2.15903
random_uniform	228	228	4.750753	0.671171	0.95241	0.031946	0.124534	5.65625	0.046875	0.0	5.126984	0.28125	1.975294	2.06831
random_uniform	229	229	4.960277	0.648867	0.954523	0.031298	0.121849	5.609375	0.03125	0.0	5.111111	0.25	2.344483	2.459741
random_uniform	230	230	4.24906	0.655126	0.953301	0.031382	0.122597	4.484375	0.09375	0.15918	5.492063	0.25	1.903124	2.286793
random_uniform	231	231	5.159932	0.694679	0.952007	0.032101	0.125146	4.484375	0.0625	0.15918	4.857143	0.25	2.064933	2.192088
random_uniform	232	232	5.047042	0.659994	0.953927	0.031	0.12125	5.546875	0.078125	0.0	5.555556	0.21875	2.160633	2.099389
random_uniform	233	233	5.392321	0.676371	0.953001	0.031565	0.123187	5.546875	0.0625	0.0	5.507937	0.265625	2.5653	2.173642
random_uniform	234	234	5.047823	0.669158	0.953613	0.031361	0.122332	5.4375	0.046875	0.0	5.539683	0.25	2.307838	2.255557
random_uniform	235	235	4.969076	0.657175	0.953898	0.031289	0.122593	5.109375	0.125	0.041992	5.015873	0.234375	2.164303	2.266621
random_uniform	236	236	5.980092	0.676067	0.952873	0.031676	0.123377	5.171875	0.046875	0.030273	5.333333	0.1875	2.506652	2.364203
random_uniform	237	237	5.561338	0.666557	0.953858	0.031427	0.122518	5.3125	0.046875	0.003906	4.857143	0.28125	2.485954	2.127024
random_uniform	238	238	5.963333	0.666199	0.954396	0.031148	0.121452	5.21875	0.078125	0.021484	5.126984	0.234375	2.466262	2.446468
random_uniform	239	239	5.221992	0.676735	0.954536	0.031729	0.12352	5.953125	0.046875	0.0	6.015873	0.25	2.363788	2.177283
random_uniform	240	240	5.974713	0.66826	0.953896	0.031211	0.121874	5.421875	0.046875	0.0	5.492063	0.25	2.341504	2.440225
random_uniform	241	241	4.657978	0.66902	0.955285	0.030847	0.120676	5.359375	0.03125	0.0	4.492063	0.25	1.934663	2.220366
random_uniform	242	242	5.245847	0.68193	0.953846	0.031287	0.122046	5.96875	0.015625	0.0	5.047619	0.234375	2.423756	2.088787
random_uniform	243	243	4.842689	0.667138	0.954804	0.031093	0.121672	5.46875	0.046875	0.0	5.222222	0.234375	2.137392	1.892192
random_uniform	244	244	4.906009	0.681307	0.953749	0.031259	0.122284	5.1875	0.046875	0.027344	5.825397	0.28125	2.144004	2.561155
random_uniform	245	245	5.348903	0.674642	0.95361	0.031386	0.122892	5.03125	0.09375	0.056641	5.253968	0.21875	2.312861	2.226755
random_uniform	246	246	5.118621	0.666419	0.953191	0.031503	0.122922	5.296875	0.015625	0.006836	5.380952	0.25	2.124033	2.412823
random_uniform	247	247	4.955906	0.672794	0.954295	0.031203	0.121848	5.234375	0.078125	0.018555	5.634921	0.21875	2.470983	2.194912
random_uniform	248	248	4.94963	0.692326	0.954222	0.03131	0.122294	5.71875	0.03125	0.0	4.936508	0.25	2.105548	2.338835
random_uniform	249	249	4.723149	0.675801	0.953311	0.031691	0.123431	5.625	0.046875	0.0	5.349206	0.25	1.930647	2.197981
random_uniform	250	250	5.552597	0.67739	0.951623	0.031441	0.123106	5.109375	0.046875	0.041992	5.539683	0.265625	2.367587	2.416876
random_uniform	251	251	5.468462	0.657243	0.952185	0.031881	0.12385	5.640625	0.046875	0.0	5.238095	0.21875	2.179683	2.230446
random_uniform	252	252	5.958704	0.679699	0.95308	0.031362	0.122816	4.96875	0.109375	0.068359	5.365079	0.234375	2.416316	2.383408
random_uniform	253	253	5.041349	0.688295	0.951307	0.031813	0.124241	5.0	0.046875	0.0625	4.809524	0.203125	2.148539	2.524154
random_uniform	254	254	5.960335	0.677876	0.952441	0.031577	0.123531	4.953125	0.078125	0.071289	5.142857	0.21875	2.577778	2.215692
random_uniform	255	255	5.001151	0.666054	0.953521	0.031881	0.124218	5.296875	0.046875	0.006836	5.380952	0.28125	2.193594	2.042539
random_uniform	256	256	5.679703	0.649044	0.955149	0.03114	0.12148	5.453125	0.046875	0.0	5.492063	0.25	2.389532	2.359268
random_uniform	257	257	5.388484	0.660411	0.953903	0.031383	0.12199	5.171875	0.046875	0.030273	5.666667	0.28125	2.45751	2.192134
random_uniform	258	258	4.770707	0.662145	0.954104	0.031483	0.122843	5.203125	0.0625	0.024414	4.809524	0.28125	1.973511	1.990578
random_uniform	259	259	5.75071	0.666236	0.952617	0.03131	0.122309	4.84375	0.0625	0.091797	5.269841	0.265625	2.565636	2.471562
random_uniform	260	260	4.646239	0.657835	0.953276	0.031584	0.123138	5.015625	0.078125	0.05957	5.428571	0.21875	2.190847	2.042642
random_uniform	261	261	5.206865	0.646689	0.95538	0.031051	0.121327	5.140625	0.078125	0.036133	5.253968	0.203125	2.286012	2.168319
random_uniform	262	262	4.947986	0.661427	0.953563	0.031538	0.12322	5.859375	0.0625	0.0	5.253968	0.28125	2.209384	2.306824
random_uniform	263	263	4.615575	0.669028	0.954431	0.031153	0.121854	5.984375	0.03125	0.0	5.539683	0.234375	2.134084	2.230724
random_uniform	264	264	5.029702	0.66	0.953427	0.031818	0.123846	5.390625	0.015625	0.0	5.68254	0.234375	2.304832	2.216502
random_uniform	265	265	4.514318	0.656314	0.952359	0.031565	0.123328	5.609375	0.015625	0.0	5.666667	0.234375	2.137529	1.755627
random_uniform	266	266	5.369868	0.671238	0.953583	0.031542	0.12307	4.9375	0.09375	0.074219	5.396825	0.21875	2.388182	2.147623
random_uniform	267	267	4.908983	0.680765	0.953382	0.031546	0.123023	5.28125	0.046875	0.009766	5.349206	0.1875	2.111194	2.386799
random_uniform	268	268	4.719943	0.647272	0.954126	0.031268	0.122143	4.671875	0.109375	0.124023	5.222222	0.203125	2.016473	2.353287
random_uniform	269	269	5.372714	0.655261	0.955058	0.031015	0.120982	5.359375	0.078125	0.0	5.349206	0.1875	2.367794	2.216109
random_uniform	270	270	5.733728	0.664892	0.954722	0.031583	0.122883	4.5625	0.046875	0.144531	4.984127	0.21875	2.509641	2.291465
random_uniform	271	271	5.354421	0.685197	0.95317	0.031632	0.123373	5.4375	0.03125	0.0	5.126984	0.234375	2.221752	2.481512
random_uniform	272	272	5.123791	0.647727	0.954252	0.031431	0.122298	5.3125	0.0625	0.003906	5.111111	0.265625	2.268703	2.06221
random_uniform	273	273	4.943904	0.669764	0.953342	0.031401	0.122493	5.015625	0.078125	0.05957	4.809524	0.265625	2.176994	2.430982
random_uniform	274	274	5.303964	0.65905	0.953051	0.031491	0.123001	5.984375	0.046875	0.0	5.650794	0.25	2.40598	2.404112
random_uniform	275	275	4.855242	0.672772	0.954544	0.03116	0.121901	5.546875	0.03125	0.0	5.238095	0.25	2.187009	2.061352
random_uniform	276	276	5.435833	0.671158	0.952521	0.031706	0.123973	5.46875	0.109375	0.0	5.412698	0.234375	2.451132	2.43556
random_uniform	277	277	5.551683	0.657288	0.953734	0.0315	0.122718	5.546875	0.046875	0.0	5.793651	0.234375	2.473078	2.416338
random_uniform	278	278	4.902707	0.661339	0.955327	0.03132	0.122145	5.15625	0.0	0.033203	5.190476	0.265625	2.153899	2.170116
random_uniform	279	279	5.067078	0.68567	0.952175	0.031754	0.123968	5.703125	0.0625	0.0	5.698413	0.265625	2.26815	2.22268
random_uniform	280	280	5.390889	0.665833	0.954351	0.031465	0.122479	5.484375	0.046875	0.0	5.619048	0.203125	2.417413	2.14612
random_uniform	281	281	5.433412	0.658407	0.954323	0.031249	0.121908	5.65625	0.0625	0.0	5.253968	0.265625	2.376402	2.262129
random_uniform	282	282	5.231888	0.670033	0.954255	0.031681	0.123561	5.671875	0.0625	0.0	5.015873	0.265625	2.256025	2.342545
random_uniform	283	283	5.332307	0.655164	0.955455	0.031126	0.121269	5.359375	0.0625	0.0	5.285714	0.25	2.30777	2.520634
random_uniform	284	284	5.266283	0.671341	0.951741	0.03206	0.125148	5.125	0.0625	0.039062	5.571429	0.25	2.271875	2.531719
random_uniform	285	285	5.06421	0.658973	0.954857	0.031224	0.121883	5.375	0.078125	0.0	5.396825	0.1875	2.074344	2.201373
random_uniform	286	286	5.007136	0.667568	0.952673	0.031449	0.122845	4.96875	0.0	0.068359	5.111111	0.21875	2.007376	2.363363
random_uniform	287	287	5.244693	0.666588	0.953501	0.031576	0.12304	5.78125	0.078125	0.0	5.539683	0.234375	2.297941	2.224681
random_uniform	288	288	4.697029	0.655164	0.955544	0.030832	0.120303	5.328125	0.046875	0.000977	5.603175	0.25	2.257845	2.212635
random_uniform	289	289	4.592724	0.668868	0.952783	0.031858	0.123503	5.140625	0.09375	0.036133	5.285714	0.265625	2.265421	2.181061
random_uniform	290	290	5.134005	0.670693	0.951931	0.031931	0.12452	5.265625	0.03125	0.012695	5.269841	0.265625	2.157437	2.199625
random_uniform	291	291	5.54214	0.668192	0.953446	0.031585	0.123307	5.484375	0.046875	0.0	5.777778	0.21875	2.18298	2.097133
random_uniform	292	292	5.228441	0.672655	0.95351	0.031696	0.123323	4.921875	0.0625	0.077148	5.15873	0.21875	2.308623	2.449499
random_uniform	293	293	4.997509	0.671501	0.952819	0.031382	0.122828	5.125	0.0625	0.039062	5.444444	0.234375	2.173431	2.407024
random_uniform	294	294	4.411898	0.669492	0.953359	0.031229	0.122547	5.859375	0.03125	0.0	5.396825	0.28125	2.096785	2.289824
random_uniform	295	295	5.830897	0.680844	0.952799	0.031792	0.123823	5.140625	0.046875	0.036133	5.349206	0.203125	2.3839	2.241789
random_uniform	296	296	4.833178	0.671419	0.954856	0.031308	0.121895	5.171875	0.09375	0.030273	5.047619	0.28125	2.065994	2.339463
random_uniform	297	297	5.621268	0.677806	0.95185	0.031782	0.12438	5.3125	0.078125	0.003906	5.698413	0.234375	2.302151	2.354625
random_uniform	298	298	6.024368	0.666459	0.952758	0.031615	0.123369	5.09375	0.078125	0.044922	5.111111	0.265625	2.681888	2.390708
random_uniform	299	299	5.06877	0.658806	0.953303	0.031266	0.121933	5.15625	0.109375	0.033203	5.095238	0.21875	2.145335	2.328826
shuffled_rows	0	0	2.897382	0.252769	0.988914	0.040954	0.116848	5.421875	0.046875	0.0	5.190476	0.234375	0.007713	0.006955
shuffled_rows	1	1	3.200805	0.264881	0.988894	0.040963	0.116634	5.484375	0.03125	0.0	5.412698	0.234375	0.007805	0.007414
shuffled_rows	2	2	3.055588	0.260166	0.989069	0.040656	0.116361	5.125	0.0625	0.039062	5.253968	0.234375	0.007908	0.00731
shuffled_rows	3	3	2.708605	0.257624	0.989025	0.040722	0.116062	4.484375	0.109375	0.15918	4.714286	0.1875	0.007907	0.008669
shuffled_rows	4	4	2.963882	0.262275	0.988974	0.04063	0.116057	5.4375	0.015625	0.0	5.777778	0.265625	0.007812	0.006699
shuffled_rows	5	5	3.050777	0.259219	0.989098	0.040577	0.116098	5.1875	0.0625	0.027344	5.349206	0.28125	0.007742	0.008366
shuffled_rows	6	6	2.993146	0.26022	0.988979	0.040819	0.116415	5.359375	0.078125	0.0	5.825397	0.28125	0.007591	0.0073
shuffled_rows	7	7	3.009366	0.257889	0.988895	0.04089	0.11656	5.140625	0.015625	0.036133	5.47619	0.265625	0.007636	0.008667
shuffled_rows	8	8	3.093631	0.26099	0.989001	0.040709	0.116392	5.625	0.03125	0.0	5.666667	0.265625	0.007803	0.007589
shuffled_rows	9	9	2.881808	0.261661	0.989019	0.040926	0.116564	5.46875	0.03125	0.0	5.301587	0.21875	0.007865	0.006484
shuffled_rows	10	10	2.698741	0.259369	0.988932	0.040951	0.11674	5.015625	0.0625	0.05957	4.587302	0.265625	0.007674	0.006955
shuffled_rows	11	11	2.790706	0.260005	0.989015	0.040816	0.116137	5.484375	0.0625	0.0	5.190476	0.234375	0.007659	0.006623
shuffled_rows	12	12	3.02933	0.262503	0.988969	0.040811	0.116188	5.25	0.0625	0.015625	5.111111	0.203125	0.00774	0.007013
shuffled_rows	13	13	2.771615	0.261746	0.989182	0.040604	0.116348	5.484375	0.015625	0.0	5.285714	0.234375	0.007654	0.007127
shuffled_rows	14	14	2.701439	0.258044	0.989063	0.040566	0.116069	5.21875	0.015625	0.021484	5.68254	0.234375	0.007862	0.00639
shuffled_rows	15	15	3.067907	0.258249	0.988968	0.040701	0.116102	5.015625	0.03125	0.05957	5.0	0.296875	0.007967	0.007122
shuffled_rows	16	16	3.010753	0.260146	0.988945	0.040962	0.116622	5.3125	0.046875	0.003906	5.174603	0.21875	0.007747	0.006973
shuffled_rows	17	17	2.871658	0.260803	0.989017	0.040965	0.116601	5.4375	0.015625	0.0	5.349206	0.203125	0.007843	0.006786
shuffled_rows	18	18	3.078165	0.262536	0.989046	0.04044	0.115775	5.796875	0.03125	0.0	5.190476	0.25	0.007891	0.007901
shuffled_rows	19	19	2.699849	0.257946	0.989025	0.040588	0.116278	5.421875	0.125	0.0	5.31746	0.21875	0.007837	0.006455
shuffled_rows	20	20	3.094487	0.258181	0.989031	0.040716	0.116145	5.53125	0.046875	0.0	5.333333	0.328125	0.008004	0.006905
shuffled_rows	21	21	2.863794	0.260736	0.988973	0.040863	0.116555	5.296875	0.0625	0.006836	4.904762	0.25	0.007706	0.007051
shuffled_rows	22	22	3.039636	0.263519	0.989004	0.040797	0.11627	5.734375	0.03125	0.0	5.428571	0.265625	0.007605	0.007819
shuffled_rows	23	23	2.7222	0.256255	0.988961	0.040955	0.116515	5.546875	0.046875	0.0	5.761905	0.28125	0.007774	0.006388
shuffled_rows	24	24	2.998875	0.263314	0.989003	0.040525	0.116023	5.5625	0.0625	0.0	5.396825	0.21875	0.007788	0.007005
shuffled_rows	25	25	2.899808	0.265269	0.988966	0.040846	0.116553	5.171875	0.125	0.030273	5.285714	0.234375	0.007796	0.006902
shuffled_rows	26	26	3.112593	0.263434	0.989086	0.040552	0.116205	5.3125	0.0625	0.003906	5.015873	0.25	0.00784	0.005909
shuffled_rows	27	27	3.053595	0.259993	0.989141	0.040347	0.116022	5.09375	0.0625	0.044922	5.031746	0.203125	0.00818	0.007055
shuffled_rows	28	28	2.566475	0.259124	0.988969	0.040991	0.116464	5.65625	0.046875	0.0	5.380952	0.234375	0.007683	0.006075
shuffled_rows	29	29	2.849939	0.2602	0.988977	0.040915	0.116392	5.453125	0.046875	0.0	5.0	0.25	0.007758	0.006337
shuffled_rows	30	30	3.052449	0.264685	0.988877	0.040986	0.116713	5.34375	0.0625	0.0	5.15873	0.265625	0.007694	0.006219
shuffled_rows	31	31	3.033242	0.260965	0.988938	0.040955	0.116629	5.296875	0.03125	0.006836	5.111111	0.25	0.007785	0.00728
shuffled_rows	32	32	3.370941	0.265077	0.989202	0.04	0.115714	5.078125	0.09375	0.047852	4.777778	0.234375	0.008463	0.007172
shuffled_rows	33	33	3.07025	0.261739	0.988919	0.040939	0.116798	5.390625	0.078125	0.0	5.333333	0.234375	0.007806	0.007342
shuffled_rows	34	34	3.003718	0.264244	0.988985	0.040782	0.116288	5.46875	0.09375	0.0	5.539683	0.265625	0.007642	0.006784
shuffled_rows	35	35	3.010991	0.259436	0.988939	0.040963	0.116642	5.515625	0.03125	0.0	5.222222	0.25	0.007741	0.00577
shuffled_rows	36	36	2.931345	0.260448	0.988889	0.040989	0.116625	4.90625	0.046875	0.080078	5.079365	0.21875	0.007724	0.007941
shuffled_rows	37	37	3.012519	0.260762	0.989043	0.040687	0.116454	5.40625	0.0625	0.0	5.52381	0.265625	0.007768	0.007155
shuffled_rows	38	38	2.971026	0.262114	0.988996	0.040944	0.116719	5.15625	0.0	0.033203	5.333333	0.234375	0.007813	0.006412
shuffled_rows	39	39	2.968801	0.262779	0.989021	0.040573	0.115933	5.34375	0.03125	0.0	4.809524	0.25	0.007948	0.006504
shuffled_rows	40	40	3.114207	0.26121	0.988945	0.040659	0.116359	5.421875	0.046875	0.0	5.301587	0.25	0.007864	0.006929
shuffled_rows	41	41	2.96203	0.259915	0.989259	0.040315	0.116024	5.65625	0.046875	0.0	5.380952	0.234375	0.008216	0.008242
shuffled_rows	42	42	3.049986	0.260735	0.989088	0.040377	0.11597	5.171875	0.0625	0.030273	5.095238	0.28125	0.008309	0.007094
shuffled_rows	43	43	3.165423	0.261567	0.988944	0.040678	0.11639	5.390625	0.046875	0.0	5.095238	0.234375	0.007846	0.006397
shuffled_rows	44	44	3.054329	0.261925	0.989139	0.040751	0.11611	5.203125	0.046875	0.024414	5.063492	0.21875	0.00759	0.007449
shuffled_rows	45	45	2.696542	0.262726	0.988955	0.040957	0.116565	5.171875	0.0	0.030273	5.777778	0.25	0.007599	0.005888
shuffled_rows	46	46	2.892596	0.257801	0.989128	0.040949	0.116592	5.203125	0.03125	0.024414	4.952381	0.234375	0.007737	0.008029
shuffled_rows	47	47	3.014217	0.26477	0.989009	0.040724	0.116277	5.421875	0.0625	0.0	5.492063	0.203125	0.007954	0.007697
shuffled_rows	48	48	3.06159	0.260393	0.98901	0.040949	0.116635	5.53125	0.046875	0.0	5.52381	0.25	0.007635	0.007791
shuffled_rows	49	49	3.072471	0.2548	0.988952	0.040979	0.116654	5.328125	0.046875	0.000977	5.349206	0.203125	0.007841	0.006541
shuffled_rows	50	50	2.748506	0.251381	0.988989	0.040863	0.116406	5.234375	0.046875	0.018555	5.206349	0.265625	0.007723	0.006851
shuffled_rows	51	51	3.155963	0.263269	0.988964	0.040756	0.116238	5.953125	0.0625	0.0	5.380952	0.25	0.007674	0.008391
shuffled_rows	52	52	2.720065	0.262079	0.989038	0.04063	0.116146	5.359375	0.078125	0.0	5.666667	0.21875	0.007888	0.008296
shuffled_rows	53	53	2.856825	0.259484	0.988945	0.040654	0.116409	5.125	0.03125	0.039062	5.412698	0.21875	0.007667	0.006598
shuffled_rows	54	54	3.121093	0.264228	0.989001	0.040787	0.116316	5.140625	0.046875	0.036133	5.222222	0.203125	0.007861	0.007328
shuffled_rows	55	55	3.15629	0.260315	0.989108	0.04022	0.115864	4.96875	0.015625	0.068359	5.492063	0.21875	0.008225	0.007099
shuffled_rows	56	56	2.99431	0.258232	0.989031	0.040809	0.116083	5.328125	0.0625	0.000977	5.47619	0.25	0.007613	0.006959
shuffled_rows	57	57	3.000924	0.259025	0.989277	0.040167	0.115509	5.296875	0.046875	0.006836	4.888889	0.234375	0.008059	0.006866
shuffled_rows	58	58	2.866298	0.26127	0.989023	0.04082	0.116571	5.140625	0.03125	0.036133	5.301587	0.25	0.007708	0.006999
shuffled_rows	59	59	3.048534	0.256202	0.989032	0.040887	0.116392	5.84375	0.046875	0.0	5.825397	0.21875	0.007859	0.008684
shuffled_rows	60	60	2.959188	0.25978	0.988957	0.040976	0.116541	5.59375	0.046875	0.0	5.095238	0.203125	0.007806	0.007341
shuffled_rows	61	61	2.951672	0.259449	0.98893	0.040718	0.116429	5.703125	0.03125	0.0	5.222222	0.25	0.007823	0.005958
shuffled_rows	62	62	3.024165	0.258528	0.989042	0.040575	0.116041	5.265625	0.078125	0.012695	5.222222	0.265625	0.00779	0.007918
shuffled_rows	63	63	3.12786	0.259461	0.988896	0.040986	0.116657	5.09375	0.09375	0.044922	5.396825	0.21875	0.007809	0.007496
shuffled_rows	64	64	2.903202	0.263122	0.988913	0.040822	0.116534	5.078125	0.0625	0.047852	5.15873	0.1875	0.007735	0.0067
shuffled_rows	65	65	2.87934	0.257266	0.989051	0.040646	0.116457	4.875	0.09375	0.085937	4.904762	0.265625	0.007904	0.006291
shuffled_rows	66	66	3.167941	0.265793	0.988987	0.040946	0.116734	4.953125	0.09375	0.071289	4.904762	0.203125	0.007823	0.007561
shuffled_rows	67	67	2.954574	0.258892	0.989106	0.040203	0.115412	5.78125	0.0625	0.0	5.253968	0.25	0.007748	0.006871
shuffled_rows	68	68	2.824339	0.256606	0.989073	0.040661	0.11633	5.484375	0.046875	0.0	5.619048	0.265625	0.007931	0.007753
shuffled_rows	69	69	2.873342	0.260639	0.989014	0.040925	0.116511	5.734375	0.046875	0.0	5.539683	0.25	0.007651	0.006484
shuffled_rows	70	70	3.068621	0.261332	0.989062	0.040859	0.116284	5.515625	0.0625	0.0	6.0	0.234375	0.007643	0.007241
shuffled_rows	71	71	2.992104	0.256154	0.988934	0.0407	0.116426	5.265625	0.078125	0.012695	5.301587	0.234375	0.007798	0.007489
shuffled_rows	72	72	3.105999	0.263046	0.988945	0.040903	0.11613	5.171875	0.015625	0.030273	5.31746	0.25	0.007664	0.008677
shuffled_rows	73	73	3.046441	0.263218	0.988891	0.040981	0.116529	5.53125	0.046875	0.0	4.968254	0.25	0.007837	0.006996
shuffled_rows	74	74	2.985582	0.262833	0.98906	0.040716	0.116369	5.75	0.046875	0.0	5.777778	0.234375	0.007898	0.007099
shuffled_rows	75	75	2.581838	0.258273	0.988925	0.040952	0.116733	5.015625	0.078125	0.05957	4.730159	0.28125	0.007706	0.006698
shuffled_rows	76	76	3.134991	0.26554	0.988999	0.040927	0.116599	5.5625	0.046875	0.0	5.603175	0.234375	0.007735	0.006836
shuffled_rows	77	77	2.67365	0.253342	0.989065	0.040419	0.116044	4.84375	0.0625	0.091797	5.174603	0.234375	0.007793	0.007052
shuffled_rows	78	78	2.963217	0.258323	0.989212	0.039799	0.115173	5.5625	0.0625	0.0	5.650794	0.203125	0.008096	0.005976
shuffled_rows	79	79	2.999109	0.258624	0.98927	0.040104	0.115327	5.0625	0.078125	0.050781	5.285714	0.234375	0.008067	0.007
shuffled_rows	80	80	2.944369	0.263381	0.988903	0.040991	0.116527	5.125	0.09375	0.039062	4.857143	0.203125	0.007666	0.00757
shuffled_rows	81	81	2.683344	0.257225	0.988962	0.04099	0.11653	5.390625	0.078125	0.0	5.809524	0.25	0.007693	0.00735
shuffled_rows	82	82	2.89687	0.260962	0.988967	0.04065	0.116157	5.09375	0.0625	0.044922	5.190476	0.21875	0.007871	0.006627
shuffled_rows	83	83	2.993287	0.25614	0.988987	0.040871	0.116357	5.53125	0.0625	0.0	6.095238	0.25	0.007833	0.007308
shuffled_rows	84	84	2.94185	0.257713	0.989009	0.040958	0.116534	5.609375	0.046875	0.0	5.349206	0.296875	0.007938	0.007541
shuffled_rows	85	85	3.011906	0.258369	0.988947	0.040958	0.116711	4.765625	0.09375	0.106445	4.888889	0.234375	0.007842	0.00712
shuffled_rows	86	86	3.019146	0.260992	0.988965	0.040567	0.116172	5.234375	0.046875	0.018555	4.873016	0.234375	0.007705	0.007521
shuffled_rows	87	87	2.971101	0.260229	0.989053	0.040677	0.116356	4.625	0.078125	0.132812	5.015873	0.234375	0.007893	0.006958
shuffled_rows	88	88	2.892389	0.263063	0.988996	0.0404	0.115983	5.171875	0.03125	0.030273	5.079365	0.3125	0.007956	0.007081
shuffled_rows	89	89	2.878228	0.265105	0.988974	0.040939	0.116807	5.109375	0.078125	0.041992	4.968254	0.21875	0.007704	0.007409
shuffled_rows	90	90	3.224131	0.264678	0.988982	0.040839	0.116377	5.765625	0.078125	0.0	5.52381	0.234375	0.007759	0.007989
shuffled_rows	91	91	3.08076	0.258673	0.988863	0.040949	0.116724	5.375	0.0625	0.0	5.142857	0.1875	0.00773	0.006882
shuffled_rows	92	92	2.909549	0.263867	0.988965	0.040568	0.116189	4.96875	0.078125	0.068359	4.920635	0.265625	0.00777	0.007072
shuffled_rows	93	93	3.211049	0.255439	0.989306	0.040054	0.115291	5.28125	0.109375	0.009766	4.746032	0.234375	0.008242	0.00758
shuffled_rows	94	94	3.098754	0.263346	0.988982	0.040545	0.116078	5.359375	0.046875	0.0	4.936508	0.265625	0.007976	0.007705
shuffled_rows	95	95	3.047837	0.262432	0.988932	0.040978	0.116738	5.71875	0.046875	0.0	5.777778	0.25	0.007795	0.007241
shuffled_rows	96	96	3.161582	0.263001	0.988994	0.040694	0.116413	5.484375	0.03125	0.0	5.380952	0.234375	0.007779	0.007318
shuffled_rows	97	97	3.196625	0.265362	0.989136	0.040394	0.11605	5.25	0.0625	0.015625	4.936508	0.21875	0.008172	0.006091
shuffled_rows	98	98	3.056208	0.265264	0.988951	0.040762	0.116371	5.421875	0.046875	0.0	5.063492	0.265625	0.007731	0.006973
shuffled_rows	99	99	2.983093	0.257537	0.989012	0.040853	0.116602	5.203125	0.078125	0.024414	5.142857	0.234375	0.007734	0.007421
shuffled_rows	100	100	2.658496	0.256488	0.989003	0.040959	0.116628	5.40625	0.0625	0.0	5.460317	0.265625	0.007713	0.006274
shuffled_rows	101	101	3.117559	0.259537	0.989021	0.040957	0.116479	5.078125	0.046875	0.047852	5.396825	0.234375	0.007854	0.006367
shuffled_rows	102	102	2.936409	0.258054	0.988931	0.040966	0.1168	4.875	0.125	0.085937	4.920635	0.21875	0.007734	0.007574
shuffled_rows	103	103	2.790487	0.256616	0.989108	0.040602	0.116108	5.03125	0.078125	0.056641	5.507937	0.21875	0.007815	0.007539
shuffled_rows	104	104	3.053184	0.263955	0.989036	0.04085	0.116421	5.375	0.0625	0.0	5.253968	0.296875	0.007761	0.006729
shuffled_rows	105	105	2.809305	0.259416	0.988941	0.040694	0.116423	4.75	0.09375	0.109375	5.650794	0.1875	0.00771	0.006102
shuffled_rows	106	106	2.792145	0.266352	0.98887	0.040969	0.116864	5.125	0.125	0.039062	4.952381	0.28125	0.007758	0.007047
shuffled_rows	107	107	2.874187	0.263536	0.989093	0.040235	0.115953	5.34375	0.046875	0.0	5.555556	0.265625	0.008131	0.007598
shuffled_rows	108	108	3.083911	0.255318	0.988924	0.040958	0.116767	5.234375	0.09375	0.018555	5.603175	0.234375	0.007841	0.007704
shuffled_rows	109	109	2.867856	0.255276	0.988878	0.040976	0.116781	5.15625	0.0625	0.033203	5.333333	0.21875	0.007749	0.006723
shuffled_rows	110	110	3.04372	0.258245	0.989066	0.040653	0.116358	5.125	0.078125	0.039062	5.095238	0.234375	0.007938	0.006258
shuffled_rows	111	111	3.233894	0.258091	0.989188	0.040202	0.115346	5.828125	0.0625	0.0	5.539683	0.234375	0.00787	0.007516
shuffled_rows	112	112	3.055193	0.259634	0.988999	0.040541	0.115967	5.59375	0.0625	0.0	5.285714	0.3125	0.007716	0.008074
shuffled_rows	113	113	2.901846	0.261232	0.988997	0.040949	0.116691	5.109375	0.0625	0.041992	5.444444	0.25	0.007737	0.00736
shuffled_rows	114	114	2.967856	0.262047	0.989	0.040938	0.116619	5.46875	0.015625	0.0	5.634921	0.265625	0.007823	0.006938
shuffled_rows	115	115	3.169223	0.257229	0.988899	0.040905	0.116542	5.015625	0.046875	0.05957	4.936508	0.234375	0.007692	0.008116
shuffled_rows	116	116	2.97208	0.25813	0.988952	0.040945	0.116597	5.203125	0.015625	0.024414	4.952381	0.21875	0.007593	0.006636
shuffled_rows	117	117	2.965483	0.259425	0.989106	0.040969	0.116236	5.46875	0.125	0.0	5.507937	0.21875	0.007885	0.006625
shuffled_rows	118	118	3.192498	0.257379	0.989182	0.040235	0.115716	5.625	0.0625	0.0	5.365079	0.234375	0.007744	0.006636
shuffled_rows	119	119	2.974703	0.258962	0.988931	0.040988	0.116756	5.3125	0.0625	0.003906	5.396825	0.21875	0.007827	0.007405
shuffled_rows	120	120	2.764755	0.262772	0.988918	0.040732	0.116422	5.171875	0.078125	0.030273	5.126984	0.265625	0.007702	0.006728
shuffled_rows	121	121	3.218449	0.263203	0.988992	0.040943	0.116717	5.796875	0.03125	0.0	5.571429	0.234375	0.007799	0.007504
shuffled_rows	122	122	3.029989	0.259052	0.988868	0.040986	0.116745	5.65625	0.046875	0.0	5.349206	0.234375	0.00776	0.00761
shuffled_rows	123	123	3.050289	0.260743	0.989087	0.040202	0.115549	5.796875	0.015625	0.0	5.0	0.234375	0.008089	0.006149
shuffled_rows	124	124	2.922471	0.260092	0.988906	0.04096	0.116509	5.59375	0.015625	0.0	5.587302	0.25	0.00782	0.007186
shuffled_rows	125	125	3.074186	0.265168	0.989001	0.04092	0.116681	5.15625	0.078125	0.033203	5.15873	0.25	0.007806	0.006298
shuffled_rows	126	126	3.247998	0.264996	0.988882	0.040987	0.116668	4.890625	0.046875	0.083008	5.238095	0.21875	0.007822	0.008656
shuffled_rows	127	127	3.020249	0.25769	0.989019	0.040905	0.116139	5.265625	0.0625	0.012695	5.31746	0.234375	0.007701	0.008082
shuffled_rows	128	128	2.890561	0.260272	0.989071	0.040699	0.115932	5.296875	0.046875	0.006836	5.31746	0.234375	0.007747	0.006922
shuffled_rows	129	129	2.794528	0.263738	0.988877	0.040876	0.116667	5.203125	0.125	0.024414	4.920635	0.1875	0.007578	0.007081
shuffled_rows	130	130	2.986728	0.259952	0.988949	0.04062	0.116432	5.328125	0.015625	0.000977	5.365079	0.234375	0.007954	0.007803
shuffled_rows	131	131	2.860427	0.2604	0.989082	0.040632	0.115914	5.59375	0.078125	0.0	5.603175	0.234375	0.0078	0.006606
shuffled_rows	132	132	2.857113	0.26169	0.989049	0.040918	0.116636	5.5	0.0	0.0	5.650794	0.25	0.007677	0.007296
shuffled_rows	133	133	3.167398	0.265091	0.988891	0.040972	0.116626	4.6875	0.078125	0.121094	4.857143	0.234375	0.007647	0.007737
shuffled_rows	134	134	2.941123	0.26553	0.989105	0.040695	0.1164	5.828125	0.0	0.0	5.507937	0.25	0.007774	0.00705
shuffled_rows	135	135	3.04149	0.259332	0.989273	0.039833	0.11526	5.46875	0.015625	0.0	5.222222	0.234375	0.008278	0.00736
shuffled_rows	136	136	2.857403	0.261928	0.988984	0.040901	0.116422	5.3125	0.078125	0.003906	5.444444	0.1875	0.007686	0.007384
shuffled_rows	137	137	3.063594	0.262281	0.98886	0.040955	0.116847	4.9375	0.046875	0.074219	5.253968	0.234375	0.007785	0.00783
shuffled_rows	138	138	2.735568	0.258937	0.98903	0.040975	0.116407	4.90625	0.046875	0.080078	4.968254	0.25	0.00772	0.006684
shuffled_rows	139	139	2.904414	0.265413	0.988865	0.04097	0.116871	5.046875	0.09375	0.053711	5.333333	0.21875	0.007745	0.006693
shuffled_rows	140	140	2.815106	0.259914	0.988866	0.040962	0.116795	5.1875	0.0625	0.027344	5.52381	0.28125	0.007667	0.007102
shuffled_rows	141	141	2.823765	0.260398	0.988879	0.040966	0.116681	5.78125	0.015625	0.0	5.31746	0.203125	0.007774	0.007975
shuffled_rows	142	142	2.760645	0.264708	0.988983	0.040924	0.116765	4.90625	0.0625	0.080078	4.920635	0.265625	0.007699	0.006797
shuffled_rows	143	143	3.105718	0.262296	0.989023	0.040704	0.11613	5.21875	0.046875	0.021484	5.444444	0.28125	0.007845	0.007194
shuffled_rows	144	144	2.870585	0.258139	0.989085	0.040803	0.116635	5.25	0.0625	0.015625	5.333333	0.265625	0.00774	0.006803
shuffled_rows	145	145	3.304613	0.261536	0.989108	0.040774	0.115964	4.984375	0.0625	0.06543	4.888889	0.265625	0.007882	0.008074
shuffled_rows	146	146	2.990758	0.264733	0.988952	0.040694	0.116341	5.0	0.078125	0.0625	5.428571	0.25	0.007881	0.007418
shuffled_rows	147	147	3.142523	0.259874	0.988959	0.040945	0.116564	5.015625	0.0625	0.05957	5.015873	0.234375	0.007644	0.007439
shuffled_rows	148	148	2.851807	0.266025	0.988931	0.040961	0.116771	5.53125	0.03125	0.0	5.428571	0.25	0.007771	0.007037
shuffled_rows	149	149	3.053832	0.266121	0.98896	0.040869	0.116603	5.375	0.03125	0.0	5.142857	0.21875	0.007787	0.00765
shuffled_rows	150	150	3.140623	0.26454	0.988962	0.040707	0.116173	5.203125	0.078125	0.024414	5.095238	0.21875	0.007895	0.007732
shuffled_rows	151	151	3.118186	0.263039	0.98898	0.04061	0.116141	5.140625	0.09375	0.036133	5.190476	0.234375	0.007902	0.008701
shuffled_rows	152	152	2.990731	0.25997	0.988872	0.040975	0.116677	5.34375	0.046875	0.0	5.634921	0.25	0.007674	0.007332
shuffled_rows	153	153	2.922012	0.259154	0.988965	0.040734	0.116297	5.328125	0.03125	0.000977	5.095238	0.28125	0.007855	0.005831
shuffled_rows	154	154	2.670438	0.262598	0.988933	0.040779	0.116475	5.53125	0.046875	0.0	6.269841	0.234375	0.007624	0.006454
shuffled_rows	155	155	3.046898	0.261751	0.989014	0.040672	0.116303	5.640625	0.0625	0.0	5.777778	0.21875	0.007827	0.006718
shuffled_rows	156	156	2.886731	0.257281	0.989177	0.040535	0.116033	5.984375	0.0625	0.0	5.888889	0.234375	0.007822	0.007519
shuffled_rows	157	157	2.999281	0.26399	0.988938	0.040946	0.116712	5.6875	0.03125	0.0	5.365079	0.21875	0.007705	0.00669
shuffled_rows	158	158	3.250622	0.260515	0.988962	0.040977	0.116508	4.875	0.078125	0.085937	5.507937	0.265625	0.007926	0.008289
shuffled_rows	159	159	2.830079	0.259607	0.988924	0.040967	0.116806	4.953125	0.03125	0.071289	5.174603	0.25	0.00766	0.007894
shuffled_rows	160	160	2.706423	0.257412	0.988942	0.040885	0.11631	5.484375	0.078125	0.0	5.84127	0.203125	0.00763	0.006311
shuffled_rows	161	161	2.786412	0.2622	0.988963	0.040896	0.116156	5.234375	0.03125	0.018555	5.238095	0.234375	0.007975	0.006004
shuffled_rows	162	162	2.969063	0.260869	0.989	0.04041	0.116021	5.09375	0.09375	0.044922	4.936508	0.25	0.00779	0.00763
shuffled_rows	163	163	3.084764	0.258728	0.989154	0.04054	0.116125	5.296875	0.0625	0.006836	5.079365	0.28125	0.007775	0.008141
shuffled_rows	164	164	2.938529	0.26013	0.988943	0.040702	0.116311	5.265625	0.0625	0.012695	5.031746	0.3125	0.007788	0.00669
shuffled_rows	165	165	3.162982	0.260764	0.988899	0.040975	0.116602	5.359375	0.03125	0.0	5.031746	0.25	0.007594	0.007809
shuffled_rows	166	166	2.610965	0.260575	0.989118	0.040568	0.115933	5.671875	0.03125	0.0	5.698413	0.25	0.007654	0.006665
shuffled_rows	167	167	3.174344	0.261498	0.988977	0.040631	0.11625	5.6875	0.0625	0.0	5.492063	0.234375	0.007856	0.007425
shuffled_rows	168	168	2.763075	0.257212	0.989114	0.040908	0.116324	5.0625	0.046875	0.050781	5.206349	0.234375	0.007604	0.006692
shuffled_rows	169	169	3.157316	0.258172	0.989007	0.040931	0.116669	5.421875	0.046875	0.0	5.428571	0.25	0.007742	0.007243
shuffled_rows	170	170	3.068939	0.258793	0.988999	0.040477	0.115898	5.28125	0.046875	0.009766	5.396825	0.21875	0.007851	0.007374
shuffled_rows	171	171	2.896762	0.258345	0.988954	0.04098	0.116616	5.359375	0.046875	0.0	5.126984	0.265625	0.007835	0.008242
shuffled_rows	172	172	3.109494	0.260623	0.989025	0.040402	0.11593	5.5625	0.03125	0.0	5.650794	0.265625	0.007894	0.007813
shuffled_rows	173	173	2.902311	0.264458	0.988998	0.040947	0.116633	5.0625	0.015625	0.050781	5.238095	0.28125	0.007874	0.00678
shuffled_rows	174	174	2.923189	0.258242	0.989073	0.040683	0.11632	5.515625	0.03125	0.0	4.873016	0.296875	0.00774	0.006105
shuffled_rows	175	175	2.874917	0.262573	0.988921	0.040943	0.116812	5.28125	0.0625	0.009766	5.444444	0.28125	0.007784	0.005746
shuffled_rows	176	176	2.7952	0.261461	0.988927	0.040947	0.116821	5.03125	0.078125	0.056641	5.126984	0.25	0.007724	0.007654
shuffled_rows	177	177	3.080882	0.265861	0.988891	0.040968	0.116567	5.203125	0.0625	0.024414	5.52381	0.1875	0.007795	0.007398
shuffled_rows	178	178	2.949658	0.259498	0.988949	0.040956	0.116634	4.859375	0.03125	0.088867	4.984127	0.234375	0.007729	0.008185
shuffled_rows	179	179	2.940107	0.265698	0.988872	0.040946	0.116787	6.15625	0.046875	0.0	6.079365	0.28125	0.007631	0.007593
shuffled_rows	180	180	2.697338	0.260406	0.988948	0.040987	0.116784	4.96875	0.109375	0.068359	4.793651	0.21875	0.007726	0.006685
shuffled_rows	181	181	2.900675	0.260706	0.988888	0.040871	0.116656	4.953125	0.078125	0.071289	4.539683	0.265625	0.007727	0.006716
shuffled_rows	182	182	3.05597	0.259232	0.989029	0.040651	0.116222	5.015625	0.078125	0.05957	5.777778	0.234375	0.007794	0.007997
shuffled_rows	183	183	2.871406	0.260201	0.989054	0.040852	0.116229	5.4375	0.015625	0.0	5.111111	0.296875	0.007736	0.006098
shuffled_rows	184	184	2.790015	0.260081	0.989227	0.040631	0.116048	5.9375	0.015625	0.0	5.761905	0.28125	0.007902	0.005985
shuffled_rows	185	185	3.062566	0.260044	0.989002	0.040598	0.116097	5.28125	0.03125	0.009766	4.952381	0.25	0.007852	0.007145
shuffled_rows	186	186	2.878378	0.256842	0.989082	0.04042	0.115904	5.625	0.03125	0.0	5.380952	0.234375	0.007849	0.00651
shuffled_rows	187	187	3.13004	0.263246	0.989036	0.040827	0.116412	5.140625	0.0625	0.036133	4.984127	0.234375	0.007778	0.007849
shuffled_rows	188	188	3.069643	0.261459	0.989116	0.04077	0.116246	5.671875	0.0	0.0	5.539683	0.234375	0.007693	0.007636
shuffled_rows	189	189	2.829451	0.264251	0.989101	0.040573	0.116102	5.28125	0.03125	0.009766	5.777778	0.25	0.007808	0.006607
shuffled_rows	190	190	2.954109	0.264285	0.988911	0.040882	0.116496	5.390625	0.109375	0.0	5.587302	0.21875	0.007819	0.006935
shuffled_rows	191	191	2.929431	0.264536	0.988898	0.040866	0.116506	5.53125	0.046875	0.0	5.539683	0.234375	0.007628	0.006685
shuffled_rows	192	192	2.881256	0.258122	0.989215	0.040649	0.116027	5.09375	0.078125	0.044922	5.412698	0.21875	0.007823	0.007251
shuffled_rows	193	193	3.117968	0.26018	0.989012	0.040697	0.116309	5.390625	0.0625	0.0	5.396825	0.1875	0.007926	0.006459
shuffled_rows	194	194	2.929857	0.255192	0.989085	0.040511	0.11593	5.28125	0.0625	0.009766	5.507937	0.234375	0.00777	0.007812
shuffled_rows	195	195	3.204387	0.265534	0.988916	0.040969	0.116463	5.53125	0.03125	0.0	5.412698	0.25	0.007808	0.007253
shuffled_rows	196	196	2.981221	0.260079	0.989046	0.04095	0.116357	5.609375	0.046875	0.0	5.380952	0.234375	0.007661	0.008037
shuffled_rows	197	197	2.737159	0.255756	0.988979	0.040987	0.116455	5.296875	0.078125	0.006836	5.238095	0.3125	0.007738	0.00693
shuffled_rows	198	198	2.789836	0.261509	0.988935	0.040964	0.116698	5.90625	0.015625	0.0	5.666667	0.296875	0.007842	0.00644
shuffled_rows	199	199	3.114074	0.260726	0.988974	0.040611	0.116056	5.921875	0.03125	0.0	5.492063	0.25	0.007805	0.007514
shuffled_rows	200	200	2.927451	0.255224	0.988989	0.040986	0.116286	5.09375	0.046875	0.044922	4.730159	0.234375	0.007784	0.007091
shuffled_rows	201	201	2.798018	0.260812	0.989064	0.040943	0.116613	5.640625	0.0	0.0	5.269841	0.234375	0.007775	0.007015
shuffled_rows	202	202	2.963125	0.254616	0.988883	0.040963	0.116686	5.78125	0.046875	0.0	5.587302	0.203125	0.007787	0.006628
shuffled_rows	203	203	2.874429	0.254729	0.988903	0.040974	0.116466	4.484375	0.0625	0.15918	4.857143	0.25	0.007662	0.006053
shuffled_rows	204	204	2.813336	0.259975	0.988997	0.040673	0.116423	5.453125	0.078125	0.0	5.460317	0.296875	0.007961	0.00627
shuffled_rows	205	205	2.610686	0.263871	0.988955	0.04085	0.116562	5.25	0.03125	0.015625	5.333333	0.21875	0.007816	0.005951
shuffled_rows	206	206	2.872037	0.260996	0.988994	0.0409	0.116264	5.15625	0.03125	0.033203	4.904762	0.28125	0.007741	0.006742
shuffled_rows	207	207	3.203806	0.260795	0.988929	0.040842	0.116421	5.59375	0.0	0.0	5.619048	0.21875	0.007586	0.008171
shuffled_rows	208	208	3.367551	0.263025	0.989305	0.039799	0.115173	4.828125	0.0625	0.094727	5.0	0.28125	0.00837	0.007184
shuffled_rows	209	209	2.909375	0.260546	0.988962	0.0409	0.116518	5.390625	0.03125	0.0	5.253968	0.25	0.007895	0.007592
shuffled_rows	210	210	2.883172	0.263006	0.988962	0.040776	0.116549	5.640625	0.03125	0.0	5.365079	0.234375	0.007846	0.006791
shuffled_rows	211	211	2.676408	0.258181	0.989055	0.040849	0.116257	5.203125	0.078125	0.024414	4.952381	0.265625	0.007677	0.006903
shuffled_rows	212	212	2.866052	0.256665	0.989033	0.04065	0.116175	5.53125	0.078125	0.0	6.206349	0.28125	0.007824	0.006668
shuffled_rows	213	213	3.060983	0.259306	0.989017	0.040979	0.116487	5.484375	0.0625	0.0	5.253968	0.28125	0.007847	0.006729
shuffled_rows	214	214	3.059471	0.251941	0.98911	0.040633	0.116049	5.09375	0.09375	0.044922	4.952381	0.234375	0.007943	0.007756
shuffled_rows	215	215	2.87495	0.255815	0.989045	0.040598	0.116031	5.140625	0.09375	0.036133	5.15873	0.21875	0.007852	0.008114
shuffled_rows	216	216	3.216672	0.265022	0.988891	0.040966	0.116519	5.203125	0.078125	0.024414	5.634921	0.25	0.007667	0.009204
shuffled_rows	217	217	2.740708	0.257116	0.988951	0.040722	0.11638	5.8125	0.046875	0.0	5.571429	0.25	0.007855	0.005881
shuffled_rows	218	218	2.753994	0.2679	0.988945	0.040947	0.116626	5.453125	0.046875	0.0	5.365079	0.25	0.00779	0.006379
shuffled_rows	219	219	3.00906	0.263285	0.988949	0.040824	0.116622	5.625	0.046875	0.0	5.31746	0.234375	0.007862	0.006751
shuffled_rows	220	220	2.523485	0.256715	0.98912	0.040294	0.115677	5.0625	0.109375	0.050781	5.31746	0.21875	0.00775	0.006721
shuffled_rows	221	221	2.929922	0.264852	0.989027	0.040833	0.116464	5.28125	0.0625	0.009766	5.301587	0.21875	0.007664	0.007153
shuffled_rows	222	222	3.18509	0.260704	0.98904	0.040926	0.116762	5.53125	0.078125	0.0	5.301587	0.203125	0.007767	0.007657
shuffled_rows	223	223	2.958218	0.260835	0.989026	0.040424	0.115813	5.03125	0.0625	0.056641	5.365079	0.21875	0.007759	0.007056
shuffled_rows	224	224	2.71963	0.257313	0.988988	0.04075	0.116006	5.171875	0.125	0.030273	5.095238	0.265625	0.007773	0.00771
shuffled_rows	225	225	2.870691	0.264193	0.988992	0.040931	0.1167	5.1875	0.09375	0.027344	5.68254	0.21875	0.00779	0.008189
shuffled_rows	226	226	2.933775	0.264362	0.988958	0.040959	0.116622	5.109375	0.046875	0.041992	5.079365	0.234375	0.007458	0.007015
shuffled_rows	227	227	2.894403	0.260687	0.988882	0.04099	0.116602	4.90625	0.0625	0.080078	5.539683	0.203125	0.00785	0.006781
shuffled_rows	228	228	3.073057	0.261696	0.988879	0.040978	0.116745	5.140625	0.09375	0.036133	5.365079	0.21875	0.0078	0.008248
shuffled_rows	229	229	2.969759	0.257351	0.989055	0.040681	0.115989	4.9375	0.078125	0.074219	5.492063	0.1875	0.008059	0.006197
shuffled_rows	230	230	2.833818	0.264786	0.988902	0.040984	0.116591	5.375	0.0625	0.0	5.396825	0.296875	0.007679	0.006057
shuffled_rows	231	231	2.762181	0.263607	0.988936	0.040975	0.116662	5.375	0.09375	0.0	5.952381	0.328125	0.007795	0.005887
shuffled_rows	232	232	2.774539	0.263027	0.989021	0.040705	0.116129	5.5625	0.046875	0.0	5.126984	0.21875	0.007689	0.007089
shuffled_rows	233	233	2.862617	0.267125	0.988879	0.040964	0.116758	5.03125	0.078125	0.056641	4.873016	0.234375	0.007853	0.007129
shuffled_rows	234	234	3.02484	0.260093	0.989044	0.040628	0.116047	5.53125	0.03125	0.0	4.746032	0.25	0.007786	0.007725
shuffled_rows	235	235	2.781979	0.260603	0.989034	0.040509	0.116182	5.234375	0.015625	0.018555	5.238095	0.203125	0.007839	0.006347
shuffled_rows	236	236	2.981719	0.259668	0.989018	0.040752	0.116148	5.140625	0.046875	0.036133	4.777778	0.21875	0.007597	0.007673
shuffled_rows	237	237	2.613188	0.262564	0.988966	0.04085	0.116544	5.609375	0.015625	0.0	5.190476	0.25	0.007734	0.007374
shuffled_rows	238	238	2.927097	0.261643	0.989	0.040396	0.11623	5.453125	0.046875	0.0	5.365079	0.25	0.008051	0.005971
shuffled_rows	239	239	2.883062	0.26104	0.988944	0.040899	0.116432	5.140625	0.03125	0.036133	5.126984	0.203125	0.007845	0.006357
shuffled_rows	240	240	2.920954	0.260038	0.988855	0.040962	0.116847	4.828125	0.03125	0.094727	5.238095	0.21875	0.00776	0.00747
shuffled_rows	241	241	3.067221	0.261765	0.98895	0.040718	0.116213	5.625	0.0625	0.0	5.761905	0.234375	0.007888	0.008135
shuffled_rows	242	242	2.810769	0.263005	0.989028	0.040965	0.116504	5.734375	0.046875	0.0	5.777778	0.234375	0.00772	0.007013
shuffled_rows	243	243	2.881157	0.262372	0.988936	0.040705	0.116416	4.609375	0.09375	0.135742	4.666667	0.265625	0.007799	0.007057
shuffled_rows	244	244	3.18876	0.261725	0.989158	0.040944	0.116286	5.390625	0.0	0.0	4.952381	0.21875	0.007731	0.00699
shuffled_rows	245	245	2.97131	0.25854	0.989	0.040956	0.116668	5.859375	0.046875	0.0	5.634921	0.265625	0.00781	0.008125
shuffled_rows	246	246	2.968015	0.267745	0.989006	0.040839	0.116606	5.234375	0.046875	0.018555	4.84127	0.265625	0.007808	0.006897
shuffled_rows	247	247	2.997899	0.261855	0.988942	0.040949	0.116713	5.078125	0.03125	0.047852	4.968254	0.203125	0.007701	0.006808
shuffled_rows	248	248	3.079706	0.262552	0.989007	0.040647	0.116331	4.796875	0.0625	0.100586	5.206349	0.203125	0.008018	0.007363
shuffled_rows	249	249	2.906466	0.258814	0.989026	0.040912	0.11649	5.0	0.03125	0.0625	4.857143	0.21875	0.007614	0.00753
shuffled_rows	250	250	2.920772	0.264595	0.989073	0.040406	0.115952	5.6875	0.03125	0.0	5.142857	0.21875	0.007791	0.00668
shuffled_rows	251	251	2.863151	0.260266	0.989346	0.039791	0.115196	5.203125	0.09375	0.024414	5.634921	0.265625	0.008347	0.006894
shuffled_rows	252	252	3.030896	0.258126	0.988951	0.040736	0.116227	5.203125	0.046875	0.024414	5.0	0.25	0.007697	0.006214
shuffled_rows	253	253	3.092217	0.260145	0.98899	0.040644	0.116482	5.75	0.03125	0.0	5.222222	0.234375	0.007822	0.007246
shuffled_rows	254	254	2.98113	0.260309	0.989084	0.040564	0.116093	5.625	0.03125	0.0	5.52381	0.265625	0.007916	0.006078
shuffled_rows	255	255	2.56328	0.264189	0.988866	0.040941	0.1168	5.1875	0.03125	0.027344	4.714286	0.21875	0.007741	0.006091
shuffled_rows	256	256	3.191704	0.258851	0.989024	0.040636	0.116365	5.625	0.015625	0.0	5.507937	0.265625	0.008043	0.006908
shuffled_rows	257	257	2.776626	0.259637	0.989075	0.040925	0.11653	5.40625	0.0625	0.0	5.095238	0.234375	0.007653	0.006593
shuffled_rows	258	258	2.801094	0.25689	0.988997	0.040959	0.116666	5.21875	0.015625	0.021484	5.126984	0.28125	0.007788	0.007141
shuffled_rows	259	259	3.156479	0.259382	0.988994	0.04067	0.116409	4.53125	0.109375	0.150391	4.952381	0.203125	0.007811	0.005549
shuffled_rows	260	260	2.785902	0.259577	0.988905	0.040995	0.11648	5.28125	0.0625	0.009766	5.015873	0.234375	0.007804	0.006289
shuffled_rows	261	261	3.204698	0.258028	0.988878	0.040978	0.116793	5.140625	0.015625	0.036133	5.047619	0.28125	0.007782	0.008677
shuffled_rows	262	262	2.875044	0.261927	0.988997	0.040566	0.116152	5.15625	0.03125	0.033203	5.031746	0.25	0.007989	0.00664
shuffled_rows	263	263	3.021574	0.262864	0.989125	0.040382	0.115975	5.546875	0.03125	0.0	4.777778	0.25	0.007897	0.00735
shuffled_rows	264	264	2.9108	0.264687	0.988969	0.040992	0.116461	5.828125	0.078125	0.0	5.52381	0.265625	0.007762	0.007955
shuffled_rows	265	265	3.335592	0.262385	0.988987	0.040921	0.116756	5.359375	0.0	0.0	5.253968	0.25	0.007641	0.008024
shuffled_rows	266	266	3.201152	0.262858	0.988873	0.040961	0.116785	5.359375	0.046875	0.0	5.380952	0.234375	0.00781	0.007253
shuffled_rows	267	267	2.845678	0.262663	0.988883	0.040962	0.116638	5.125	0.078125	0.039062	5.365079	0.234375	0.007879	0.006676
shuffled_rows	268	268	3.291118	0.261024	0.988857	0.040962	0.116799	4.75	0.09375	0.109375	5.349206	0.234375	0.007771	0.007856
shuffled_rows	269	269	3.058894	0.262172	0.989067	0.040375	0.116078	5.75	0.03125	0.0	5.444444	0.25	0.008114	0.007159
shuffled_rows	270	270	2.936081	0.262021	0.988945	0.040829	0.116219	5.65625	0.015625	0.0	5.809524	0.25	0.007774	0.006064
shuffled_rows	271	271	3.038772	0.266183	0.989086	0.040822	0.116485	5.109375	0.0625	0.041992	4.507937	0.25	0.007836	0.006627
shuffled_rows	272	272	3.101793	0.26097	0.988934	0.040951	0.116664	5.3125	0.09375	0.003906	5.301587	0.234375	0.007772	0.008284
shuffled_rows	273	273	2.909822	0.261606	0.989039	0.040352	0.115927	5.5	0.015625	0.0	5.269841	0.234375	0.007988	0.006964
shuffled_rows	274	274	2.846625	0.260082	0.989051	0.040697	0.116329	5.078125	0.03125	0.047852	5.52381	0.265625	0.007726	0.007478
shuffled_rows	275	275	2.923395	0.258848	0.989035	0.040839	0.116409	6.078125	0.0	0.0	5.555556	0.25	0.007973	0.007727
shuffled_rows	276	276	2.515282	0.263048	0.988927	0.040955	0.116745	5.734375	0.03125	0.0	5.285714	0.234375	0.00777	0.006433
shuffled_rows	277	277	2.747299	0.260287	0.988985	0.040896	0.11635	5.65625	0.015625	0.0	5.412698	0.21875	0.007668	0.00735
shuffled_rows	278	278	2.970458	0.264673	0.988875	0.040963	0.116697	5.3125	0.0625	0.003906	5.555556	0.25	0.007693	0.00671
shuffled_rows	279	279	3.027933	0.251514	0.98895	0.040963	0.116566	5.125	0.078125	0.039062	5.349206	0.21875	0.007858	0.007764
shuffled_rows	280	280	2.929687	0.262009	0.988951	0.040979	0.116604	5.125	0.03125	0.039062	5.0	0.234375	0.007788	0.00552
shuffled_rows	281	281	2.856426	0.255492	0.989092	0.040406	0.115882	5.453125	0.109375	0.0	5.571429	0.234375	0.007822	0.008093
shuffled_rows	282	282	2.900536	0.25918	0.989013	0.040818	0.116131	5.328125	0.03125	0.000977	5.793651	0.265625	0.007756	0.006989
shuffled_rows	283	283	3.145298	0.261051	0.989096	0.040391	0.115809	4.828125	0.0625	0.094727	5.507937	0.234375	0.007951	0.007278
shuffled_rows	284	284	2.790677	0.259827	0.989063	0.040637	0.116437	4.640625	0.125	0.129883	5.222222	0.28125	0.007668	0.00649
shuffled_rows	285	285	2.865634	0.261303	0.988988	0.040945	0.116786	5.390625	0.078125	0.0	4.714286	0.234375	0.007863	0.007668
shuffled_rows	286	286	2.966524	0.257877	0.989039	0.040982	0.116359	6.109375	0.03125	0.0	5.428571	0.203125	0.007822	0.007772
shuffled_rows	287	287	3.107823	0.261775	0.989021	0.040705	0.11621	5.46875	0.03125	0.0	5.650794	0.265625	0.007831	0.008212
shuffled_rows	288	288	2.873256	0.263536	0.988969	0.040853	0.116531	5.546875	0.046875	0.0	5.095238	0.265625	0.007933	0.007526
shuffled_rows	289	289	2.905892	0.264858	0.988866	0.04095	0.116767	5.296875	0.03125	0.006836	5.190476	0.25	0.00782	0.006588
shuffled_rows	290	290	2.993587	0.258418	0.988937	0.040967	0.116607	5.421875	0.046875	0.0	5.095238	0.21875	0.00775	0.007084
shuffled_rows	291	291	2.830473	0.259855	0.988878	0.040969	0.116685	5.375	0.09375	0.0	5.396825	0.21875	0.00786	0.00735
shuffled_rows	292	292	3.082346	0.25504	0.989127	0.040324	0.115512	5.109375	0.09375	0.041992	5.174603	0.203125	0.008019	0.006551
shuffled_rows	293	293	3.060519	0.265317	0.988949	0.040861	0.116171	5.546875	0.046875	0.0	5.444444	0.234375	0.007855	0.007255
shuffled_rows	294	294	3.103186	0.261814	0.989152	0.040322	0.115841	5.8125	0.078125	0.0	5.460317	0.265625	0.008017	0.007653
shuffled_rows	295	295	2.923257	0.26228	0.988942	0.04097	0.116648	4.84375	0.109375	0.091797	4.920635	0.21875	0.007773	0.007524
shuffled_rows	296	296	2.977069	0.257817	0.988937	0.040964	0.116686	5.375	0.046875	0.0	5.095238	0.21875	0.007841	0.007827
shuffled_rows	297	297	2.873084	0.261797	0.988874	0.040963	0.116777	5.5625	0.046875	0.0	5.063492	0.265625	0.007744	0.007951
shuffled_rows	298	298	3.203226	0.263089	0.989025	0.040673	0.116198	5.015625	0.078125	0.05957	5.174603	0.265625	0.007648	0.008333
shuffled_rows	299	299	2.888169	0.261421	0.988954	0.040703	0.116265	6.3125	0.015625	0.0	5.619048	0.28125	0.007781	0.006252
text	0	69383	27.566099	0.627401	0.959811	0.063891	0.184005	21.84375	0.03125	0.0	22.0	0.5625	0.061916	0.010668
text	1	162375	18.524826	0.529856	0.96422	0.060388	0.173644	25.734375	0.03125	0.0	23.666667	0.546875	0.041696	0.009894
text	2	110990	25.007697	0.599077	0.958935	0.065938	0.185863	22.0625	0.046875	0.0	21.460317	0.515625	0.054589	0.011499
text	3	15230	24.508708	0.601126	0.960904	0.063452	0.179999	23.9375	0.015625	0.0	22.857143	0.546875	0.067718	0.010557
text	4	275413	22.804951	0.557107	0.963361	0.059921	0.174756	23.953125	0.03125	0.0	23.555556	0.515625	0.061671	0.012844
text	5	338795	22.359688	0.582024	0.963056	0.062477	0.175791	25.390625	0.0	0.0	22.587302	0.515625	0.06011	0.010457
text	6	127421	22.108625	0.568271	0.965712	0.058915	0.172825	22.953125	0.046875	0.0	22.539683	0.5	0.06054	0.010645
text	7	44985	24.637694	0.610483	0.962717	0.062799	0.176861	24.046875	0.0	0.0	22.190476	0.5	0.06587	0.012262
text	8	25047	18.557301	0.532593	0.963462	0.062621	0.177788	23.265625	0.046875	0.0	23.428571	0.515625	0.041056	0.009535
text	9	142776	22.995491	0.607796	0.959604	0.065446	0.183797	21.859375	0.0625	0.0	23.126984	0.53125	0.049555	0.011434
text	10	424678	21.426662	0.556764	0.962155	0.062535	0.17843	23.859375	0.03125	0.0	22.634921	0.546875	0.059115	0.009459
text	11	253106	21.974112	0.57934	0.961243	0.06455	0.18193	21.84375	0.046875	0.0	23.238095	0.5	0.049614	0.009481
text	12	306785	20.021103	0.541056	0.964499	0.060978	0.17419	21.640625	0.03125	0.001202	22.238095	0.53125	0.053579	0.010262
text	13	322671	24.108586	0.59308	0.964222	0.063031	0.176771	22.859375	0.046875	0.0	22.650794	0.515625	0.054877	0.010654
text	14	297015	24.509711	0.582496	0.96175	0.062305	0.178757	22.390625	0.015625	0.0	21.412698	0.53125	0.065814	0.011945
text	15	1554	22.618829	0.605694	0.957836	0.069239	0.189958	24.296875	0.03125	0.0	22.619048	0.515625	0.039327	0.010153
text	16	25573	20.531032	0.561455	0.961351	0.063414	0.180295	23.1875	0.015625	0.0	23.571429	0.546875	0.054697	0.010508
text	17	420302	23.265624	0.599058	0.961286	0.064729	0.180657	24.0625	0.015625	0.0	23.238095	0.515625	0.051835	0.011046
text	18	292336	23.881264	0.603265	0.959757	0.064572	0.181868	23.015625	0.015625	0.0	23.222222	0.5625	0.063574	0.012957
text	19	241900	23.408921	0.569429	0.964444	0.059979	0.173756	26.03125	0.03125	0.0	23.428571	0.515625	0.064054	0.009852
text	20	230998	15.530056	0.498871	0.965167	0.057384	0.171492	24.90625	0.015625	0.0	20.555556	0.5	0.042419	0.008509
text	21	461073	18.884742	0.554709	0.961172	0.06549	0.183428	19.421875	0.03125	0.103606	23.555556	0.53125	0.041967	0.011075
text	22	73486	24.643277	0.60689	0.96123	0.067287	0.181383	22.125	0.046875	0.0	22.047619	0.515625	0.056747	0.010415
text	23	367249	23.528047	0.605263	0.962862	0.06197	0.176205	22.5625	0.03125	0.0	21.761905	0.59375	0.052532	0.009024
text	24	17823	20.517974	0.563385	0.95997	0.06466	0.182444	21.578125	0.015625	0.004087	23.31746	0.53125	0.045642	0.009458
text	25	75866	20.811645	0.559146	0.963268	0.058723	0.173315	21.125	0.03125	0.025	22.555556	0.5625	0.056122	0.011078
text	26	312045	25.556507	0.630138	0.964887	0.063205	0.175345	24.796875	0.03125	0.0	22.15873	0.515625	0.068282	0.012798
text	27	159597	24.364311	0.595572	0.962308	0.062112	0.17805	25.765625	0.046875	0.0	24.015873	0.546875	0.06788	0.011176
text	28	91135	23.030553	0.572664	0.964348	0.060128	0.174025	23.328125	0.046875	0.0	20.746032	0.515625	0.061578	0.012134
text	29	298184	19.97067	0.548316	0.963684	0.060514	0.175922	21.5625	0.046875	0.004808	20.428571	0.515625	0.053922	0.010128
text	30	353835	23.284655	0.596831	0.962006	0.062915	0.17844	22.078125	0.0625	0.0	22.174603	0.53125	0.051333	0.011409
text	31	304690	20.765837	0.556282	0.963922	0.061553	0.175876	22.671875	0.03125	0.0	21.111111	0.53125	0.047403	0.009385
text	32	365160	23.218215	0.603203	0.960435	0.065312	0.182905	24.09375	0.015625	0.0	22.190476	0.5	0.051042	0.009916
text	33	50323	26.661004	0.64653	0.957977	0.06797	0.1881	24.25	0.0	0.0	23.095238	0.515625	0.045624	0.010015
text	34	227943	29.637293	0.619421	0.958728	0.065503	0.185446	24.671875	0.03125	0.0	23.857143	0.5	0.06619	0.011694
text	35	275462	30.801882	0.642096	0.956555	0.067238	0.191897	23.21875	0.046875	0.0	22.142857	0.5	0.069399	0.011203
text	36	400770	19.60582	0.533318	0.964452	0.061998	0.175642	21.296875	0.046875	0.017067	23.777778	0.5	0.05343	0.010049
text	37	119900	27.287996	0.649889	0.96064	0.0638	0.180506	25.09375	0.0	0.0	22.968254	0.515625	0.060443	0.011817
text	38	62215	20.992744	0.55873	0.962352	0.062186	0.177574	24.609375	0.03125	0.0	22.142857	0.5	0.045869	0.010594
text	39	48422	17.762633	0.540385	0.960586	0.064186	0.185846	23.8125	0.015625	0.0	23.063492	0.515625	0.031743	0.00995
text	40	460332	26.371169	0.64179	0.959187	0.064419	0.184253	21.578125	0.046875	0.004087	21.111111	0.5	0.072115	0.012188
text	41	341611	20.970596	0.57981	0.959991	0.065025	0.183112	22.078125	0.046875	0.0	20.68254	0.515625	0.045503	0.011846
text	42	366220	27.277953	0.628676	0.960218	0.06307	0.180538	23.765625	0.015625	0.0	21.126984	0.53125	0.061966	0.011588
text	43	375386	22.751266	0.623097	0.954667	0.071544	0.196125	23.71875	0.03125	0.0	22.238095	0.515625	0.036483	0.008343
text	44	177617	25.656509	0.614045	0.961319	0.067089	0.183027	21.96875	0.03125	0.0	24.142857	0.5625	0.056948	0.011911
text	45	450523	21.300417	0.575544	0.962736	0.063724	0.176571	23.6875	0.03125	0.0	22.555556	0.5625	0.056343	0.011868
text	46	55453	21.655694	0.581811	0.962128	0.06174	0.176589	23.40625	0.046875	0.0	23.777778	0.53125	0.058105	0.011201
text	47	14324	20.798204	0.564328	0.962088	0.060226	0.17795	25.203125	0.015625	0.0	22.52381	0.546875	0.055963	0.011349
text	48	134025	20.024526	0.564529	0.96329	0.062058	0.177171	22.5625	0.03125	0.0	20.126984	0.5625	0.053445	0.011618
text	49	195555	26.353393	0.626135	0.961968	0.06291	0.180306	24.390625	0.0	0.0	25.269841	0.515625	0.058475	0.011375
text	50	453851	20.408392	0.558558	0.96209	0.062537	0.177791	23.828125	0.03125	0.0	23.190476	0.515625	0.055122	0.012247
text	51	291308	19.031832	0.557133	0.963113	0.062568	0.17729	21.40625	0.03125	0.012019	22.619048	0.546875	0.042981	0.009802
text	52	357435	21.831241	0.563632	0.960109	0.062613	0.180431	21.90625	0.046875	0.0	20.031746	0.5625	0.058972	0.010655
text	53	113637	21.924463	0.588946	0.960336	0.06595	0.183119	23.34375	0.03125	0.0	23.253968	0.53125	0.048431	0.009293
text	54	406344	22.772466	0.595469	0.960498	0.06287	0.181092	24.4375	0.015625	0.0	23.428571	0.5625	0.060694	0.011412
text	55	7294	24.54775	0.608963	0.960265	0.063168	0.181492	21.328125	0.03125	0.015625	23.984127	0.5625	0.055437	0.010867
text	56	232499	22.390848	0.579545	0.960039	0.063748	0.183449	21.546875	0.03125	0.005529	22.539683	0.515625	0.050241	0.009303
text	57	64803	24.29262	0.621574	0.956569	0.067813	0.192285	24.96875	0.015625	0.0	22.888889	0.546875	0.04105	0.011582
text	58	444352	20.918268	0.532329	0.961539	0.06508	0.183199	24.515625	0.015625	0.0	21.968254	0.546875	0.048771	0.008969
text	59	405440	21.014392	0.564715	0.961566	0.062811	0.178223	21.4375	0.046875	0.010577	21.84127	0.5625	0.056206	0.010846
text	60	112141	22.719891	0.59692	0.961948	0.062809	0.178394	20.609375	0.03125	0.048798	23.174603	0.546875	0.061421	0.01063
text	61	355733	25.149299	0.631584	0.960184	0.064759	0.182209	23.71875	0.03125	0.0	21.539683	0.546875	0.055578	0.010357
text	62	114438	19.46384	0.51989	0.964362	0.061723	0.174217	24.234375	0.015625	0.0	23.301587	0.515625	0.053484	0.008204
text	63	7046	33.088441	0.668889	0.959407	0.066433	0.188659	21.234375	0.03125	0.019952	23.079365	0.5	0.0594	0.011894
text	64	32490	21.724807	0.572558	0.960918	0.064997	0.181293	23.671875	0.03125	0.0	22.857143	0.5	0.058383	0.010898
text	65	335670	18.684716	0.528154	0.96334	0.062309	0.177123	26.96875	0.0	0.0	23.555556	0.53125	0.050793	0.010307
text	66	244363	22.794784	0.60324	0.956795	0.070391	0.192066	21.609375	0.03125	0.002644	22.666667	0.5	0.038157	0.011043
text	67	403592	20.163182	0.570573	0.962208	0.06163	0.177178	24.625	0.015625	0.0	21.349206	0.53125	0.043848	0.011572
text	68	426482	21.941697	0.576723	0.963421	0.062333	0.176508	24.3125	0.015625	0.0	24.301587	0.546875	0.058479	0.011336
text	69	47033	24.235237	0.615289	0.95655	0.069651	0.191276	22.96875	0.015625	0.0	23.555556	0.515625	0.052285	0.011327
text	70	426547	30.484437	0.709315	0.957288	0.06726	0.185375	23.265625	0.015625	0.0	22.952381	0.515625	0.081918	0.014372
text	71	206785	23.464932	0.62665	0.960868	0.063498	0.179527	20.875	0.03125	0.036538	22.063492	0.53125	0.051895	0.012394
text	72	459427	26.99235	0.623961	0.963191	0.059595	0.17449	20.8125	0.046875	0.039423	20.396825	0.546875	0.073023	0.01163
text	73	19409	23.062464	0.617685	0.959135	0.065904	0.184063	22.125	0.046875	0.0	21.396825	0.546875	0.049921	0.011277
text	74	381609	20.719305	0.546897	0.96417	0.062208	0.175177	23.375	0.046875	0.0	23.746032	0.515625	0.056256	0.010564
text	75	160718	22.275112	0.556566	0.960856	0.065347	0.182722	23.234375	0.046875	0.0	20.952381	0.515625	0.061731	0.009238
text	76	86060	19.959677	0.562406	0.962618	0.062502	0.180025	22.828125	0.015625	0.0	24.142857	0.546875	0.044949	0.009097
text	77	169414	23.841619	0.598916	0.9634	0.061761	0.177112	22.96875	0.046875	0.0	22.52381	0.609375	0.064412	0.011281
text	78	157717	25.780387	0.576504	0.962603	0.064048	0.177609	22.6875	0.03125	0.0	20.492063	0.515625	0.071281	0.010314
text	79	354200	19.650858	0.548034	0.96025	0.06458	0.182209	23.4375	0.03125	0.0	22.0	0.53125	0.042899	0.010066
text	80	26767	21.247567	0.546526	0.961261	0.06417	0.182254	22.890625	0.03125	0.0	21.746032	0.546875	0.057888	0.010113
text	81	445775	21.839491	0.574081	0.962053	0.062203	0.178478	22.921875	0.03125	0.0	21.714286	0.53125	0.048206	0.011195
text	82	154056	23.518347	0.581093	0.96505	0.0617	0.171252	24.859375	0.046875	0.0	23.698413	0.53125	0.063376	0.011212
text	83	286395	19.862447	0.558622	0.961053	0.061964	0.179798	23.03125	0.015625	0.0	22.984127	0.53125	0.044097	0.008917
text	84	155827	28.495945	0.654156	0.957314	0.064992	0.186077	21.078125	0.03125	0.027163	22.31746	0.5	0.064136	0.011406
text	85	137675	21.798582	0.558257	0.962002	0.063188	0.178959	23.734375	0.046875	0.0	21.460317	0.515625	0.05826	0.011461
text	86	175724	32.345772	0.691963	0.956903	0.068322	0.188368	23.671875	0.046875	0.0	23.746032	0.53125	0.072368	0.011761
text	87	130137	20.17152	0.561951	0.962787	0.06328	0.1781	21.796875	0.03125	0.0	21.269841	0.53125	0.05351	0.011448
text	88	207299	24.224426	0.600209	0.96301	0.061598	0.179713	21.84375	0.03125	0.0	20.698413	0.5625	0.054325	0.010634
text	89	19066	22.196147	0.577407	0.964077	0.062239	0.175988	22.296875	0.03125	0.0	22.15873	0.5625	0.058775	0.012819
text	90	330480	32.249404	0.647479	0.95955	0.064697	0.184551	24.96875	0.015625	0.0	23.47619	0.515625	0.072961	0.011419
text	91	297371	24.02869	0.576896	0.960118	0.064744	0.183526	22.953125	0.03125	0.0	22.015873	0.515625	0.065316	0.011057
text	92	295108	19.746049	0.569769	0.96106	0.064822	0.182729	22.46875	0.046875	0.0	21.809524	0.59375	0.044347	0.00991
text	93	455493	22.525958	0.582454	0.962936	0.062014	0.180096	26.0	0.0	0.0	22.571429	0.53125	0.049534	0.010415
text	94	385302	22.86528	0.588313	0.960526	0.066406	0.187669	22.546875	0.015625	0.0	22.47619	0.5	0.040476	0.009951
text	95	90277	30.745319	0.654572	0.960848	0.064339	0.181446	24.640625	0.015625	0.0	22.619048	0.5625	0.069023	0.011255
text	96	378750	22.15972	0.594796	0.956117	0.069574	0.19475	23.203125	0.03125	0.0	24.47619	0.53125	0.038903	0.008626
text	97	392056	24.249606	0.616748	0.96012	0.065552	0.184372	22.765625	0.046875	0.0	23.15873	0.515625	0.053746	0.009234
text	98	346566	23.765642	0.595091	0.959623	0.064051	0.1822	22.359375	0.046875	0.0	22.031746	0.5	0.064668	0.010983
text	99	395429	23.508296	0.609187	0.962847	0.061146	0.177108	23.0625	0.046875	0.0	21.492063	0.515625	0.063829	0.01187
text	100	137364	22.777725	0.580555	0.962148	0.063578	0.178577	21.921875	0.046875	0.0	23.349206	0.5625	0.051405	0.010931
text	101	46142	20.567089	0.557525	0.961053	0.064655	0.18291	22.671875	0.0	0.0	20.301587	0.5	0.04711	0.010468
text	102	391852	21.189253	0.572495	0.962012	0.063305	0.17965	25.078125	0.03125	0.0	24.68254	0.546875	0.047545	0.00981
text	103	193394	20.458336	0.559275	0.959273	0.066653	0.18481	22.890625	0.0625	0.0	22.666667	0.578125	0.055091	0.010311
text	104	60769	23.135365	0.586312	0.962412	0.062729	0.177679	23.90625	0.015625	0.0	23.904762	0.515625	0.063198	0.011573
text	105	178109	20.614893	0.545053	0.964027	0.061984	0.17535	23.578125	0.046875	0.0	25.031746	0.53125	0.046719	0.009385
text	106	290246	24.467444	0.608502	0.95929	0.066625	0.185354	23.296875	0.03125	0.0	22.111111	0.5	0.053567	0.010247
text	107	329453	21.665702	0.58582	0.960229	0.067339	0.185304	24.75	0.03125	0.0	23.396825	0.53125	0.03848	0.010588
text	108	462227	22.759455	0.592127	0.963127	0.061453	0.176792	23.640625	0.046875	0.0	21.31746	0.5	0.050781	0.011379
text	109	49855	22.557618	0.595154	0.960735	0.064289	0.182228	24.203125	0.03125	0.0	23.285714	0.515625	0.060387	0.011146
text	110	128102	18.723944	0.558645	0.959196	0.063818	0.182977	25.359375	0.046875	0.0	22.222222	0.578125	0.048406	0.013353
text	111	104744	18.347457	0.539376	0.963035	0.060897	0.179821	23.265625	0.03125	0.0	22.396825	0.53125	0.040858	0.008049
text	112	265952	21.600408	0.580448	0.96344	0.063159	0.17731	21.390625	0.015625	0.01274	20.126984	0.5625	0.057622	0.011518
text	113	443761	21.103067	0.571534	0.962785	0.063107	0.177372	22.375	0.046875	0.0	22.047619	0.546875	0.057006	0.009918
text	114	57856	21.876793	0.566288	0.960358	0.065397	0.181574	21.984375	0.046875	0.0	21.714286	0.546875	0.05912	0.0109
text	115	155714	20.556354	0.560053	0.963789	0.059547	0.173799	22.21875	0.015625	0.0	22.301587	0.53125	0.055925	0.009358
text	116	353159	21.577865	0.580363	0.961654	0.062838	0.180533	23.671875	0.015625	0.0	22.031746	0.5	0.048872	0.01018
text	117	321392	22.953164	0.573655	0.962493	0.064666	0.182638	23.84375	0.046875	0.0	22.777778	0.5	0.040562	0.009532
text	118	16487	25.128456	0.638885	0.95925	0.063531	0.183856	23.984375	0.046875	0.0	23.698413	0.5625	0.056801	0.011218
text	119	427308	24.734575	0.603827	0.963714	0.059991	0.173757	22.890625	0.046875	0.0	22.238095	0.5625	0.06669	0.011263
text	120	264176	20.199315	0.540686	0.965317	0.062144	0.173171	24.53125	0.046875	0.0	21.857143	0.5	0.054448	0.010402
text	121	303964	23.66744	0.613701	0.960598	0.063984	0.181988	23.9375	0.0625	0.0	23.0	0.515625	0.052174	0.010795
text	122	451984	19.660248	0.546572	0.962117	0.06245	0.180242	25.28125	0.03125	0.0	22.698413	0.546875	0.053133	0.009342
text	123	67984	21.38935	0.58553	0.962253	0.063207	0.177622	22.0625	0.046875	0.0	21.428571	0.53125	0.046841	0.012409
text	124	309335	31.623503	0.62025	0.961005	0.062422	0.180999	18.734375	0.03125	0.135337	20.809524	0.53125	0.071685	0.012228
text	125	8503	26.103346	0.650823	0.958617	0.066372	0.184548	23.109375	0.03125	0.0	20.365079	0.5	0.045736	0.010626
text	126	116986	22.237528	0.583534	0.961669	0.063399	0.178388	24.328125	0.015625	0.0	22.428571	0.5625	0.059825	0.010995
text	127	295342	19.478292	0.54376	0.964769	0.057218	0.170893	24.140625	0.015625	0.0	22.777778	0.5	0.052551	0.011138
text	128	379905	24.97262	0.602153	0.959467	0.069623	0.192427	24.78125	0.015625	0.0	24.857143	0.53125	0.031947	0.009941
text	129	399166	27.40733	0.636204	0.960023	0.066607	0.185895	21.734375	0.03125	0.0	23.190476	0.546875	0.047401	0.010426
text	130	395784	19.219468	0.547282	0.962205	0.063362	0.178195	25.578125	0.015625	0.0	20.52381	0.546875	0.051201	0.010126
text	131	26172	21.346444	0.572498	0.963263	0.062319	0.176647	24.234375	0.046875	0.0	23.174603	0.53125	0.047029	0.01171
text	132	237377	21.448701	0.583941	0.961521	0.062125	0.177401	23.21875	0.03125	0.0	21.84127	0.546875	0.057801	0.011974
text	133	388177	21.429206	0.570688	0.962524	0.063443	0.178996	25.515625	0.015625	0.0	22.571429	0.515625	0.057813	0.010568
text	134	266809	22.620899	0.576256	0.961534	0.065005	0.184288	23.65625	0.03125	0.0	21.984127	0.53125	0.050674	0.008763
text	135	420554	20.466275	0.570445	0.960763	0.065055	0.181156	22.28125	0.03125	0.0	21.825397	0.578125	0.044806	0.010893
text	136	330326	21.098777	0.573973	0.961508	0.062222	0.181112	23.40625	0.0	0.0	22.174603	0.546875	0.046586	0.010386
text	137	431491	30.463781	0.655232	0.961303	0.067246	0.186459	23.796875	0.03125	0.0	21.825397	0.53125	0.03845	0.01213
text	138	406468	25.837045	0.610604	0.959491	0.063625	0.182586	21.203125	0.046875	0.021394	22.047619	0.5625	0.071731	0.010712
text	139	45818	22.144779	0.57775	0.960895	0.063763	0.181137	23.734375	0.046875	0.0	21.238095	0.5	0.059645	0.011241
text	140	11783	28.047604	0.63743	0.96151	0.063613	0.180366	22.765625	0.03125	0.0	21.063492	0.53125	0.06436	0.009874
text	141	50275	23.60004	0.592244	0.963086	0.062973	0.178526	22.65625	0.015625	0.0	23.412698	0.5625	0.054217	0.010453
text	142	449239	19.368037	0.545687	0.962538	0.06145	0.178152	21.515625	0.015625	0.006971	21.888889	0.515625	0.04264	0.01093
text	143	278268	26.503833	0.632683	0.961753	0.062031	0.175549	21.640625	0.03125	0.001202	23.31746	0.5	0.071517	0.013118
text	144	286645	23.42249	0.5573	0.961947	0.06192	0.177579	22.40625	0.03125	0.0	22.412698	0.53125	0.063327	0.011111
text	145	320035	22.265947	0.609864	0.96051	0.062516	0.180328	19.4375	0.046875	0.102885	22.52381	0.578125	0.048992	0.010717
text	146	400533	21.658535	0.589104	0.960003	0.063166	0.182366	23.375	0.03125	0.0	21.920635	0.515625	0.048475	0.010009
text	147	246629	29.291137	0.683806	0.957659	0.068413	0.18802	22.421875	0.03125	0.0	22.507937	0.515625	0.051623	0.012395
text	148	418019	19.275166	0.558274	0.963008	0.061486	0.177483	21.375	0.046875	0.013462	21.47619	0.515625	0.042668	0.00948
text	149	401226	23.14795	0.607492	0.960347	0.064337	0.18013	21.578125	0.03125	0.004087	21.68254	0.5	0.052342	0.010528
text	150	73522	22.068866	0.582239	0.962493	0.063329	0.181351	23.25	0.0625	0.0	21.746032	0.515625	0.038504	0.010352
text	151	432418	18.536724	0.549511	0.960997	0.063546	0.180952	24.921875	0.03125	0.0	21.047619	0.515625	0.039911	0.010178
text	152	109396	23.171858	0.593364	0.959976	0.063315	0.18477	22.53125	0.03125	0.0	22.857143	0.5	0.051505	0.010079
text	153	314763	22.154785	0.577085	0.961455	0.0638	0.181636	22.8125	0.03125	0.0	20.365079	0.515625	0.059317	0.011876
text	154	6079	23.499626	0.612291	0.962321	0.060913	0.177819	24.6875	0.015625	0.0	21.587302	0.5	0.062633	0.012025
text	155	429610	24.101707	0.612338	0.958536	0.0691	0.189442	24.28125	0.03125	0.0	22.873016	0.5	0.043292	0.009228
text	156	109225	20.90774	0.5534	0.966195	0.058263	0.170891	25.21875	0.03125	0.0	24.095238	0.5	0.055432	0.011917
text	157	268861	24.09107	0.581826	0.96099	0.066965	0.18323	25.75	0.03125	0.0	24.571429	0.515625	0.043163	0.009801
text	158	4728	20.684409	0.556308	0.962525	0.062651	0.177993	23.8125	0.03125	0.0	23.365079	0.5	0.05603	0.01075
text	159	23412	21.785654	0.608173	0.957649	0.068529	0.186106	22.296875	0.0625	0.0	20.746032	0.5	0.04856	0.010475
text	160	17355	21.328423	0.576817	0.96045	0.061951	0.183158	25.625	0.03125	0.0	23.904762	0.5625	0.045639	0.011479
text	161	205312	28.948924	0.641746	0.960386	0.066774	0.184703	22.28125	0.046875	0.0	20.095238	0.515625	0.051519	0.012295
text	162	436833	27.055482	0.643638	0.958532	0.066951	0.18541	23.21875	0.03125	0.0	24.142857	0.53125	0.072607	0.013041
text	163	277407	22.894024	0.570516	0.964939	0.061918	0.175	23.59375	0.0	0.0	21.492063	0.515625	0.062667	0.010462
text	164	374150	21.527498	0.572791	0.961529	0.063095	0.183419	22.0625	0.03125	0.0	24.31746	0.53125	0.036762	0.011723
text	165	355467	24.773213	0.637577	0.958473	0.063734	0.183602	23.484375	0.0	0.0	22.47619	0.53125	0.065502	0.013216
text	166	37147	26.275194	0.614614	0.961318	0.063368	0.180702	25.171875	0.03125	0.0	22.253968	0.515625	0.059316	0.01144
text	167	247130	21.394518	0.573056	0.963258	0.06063	0.173805	25.65625	0.03125	0.0	22.31746	0.5	0.057412	0.011435
text	168	23854	19.8909	0.56217	0.962467	0.062663	0.176887	22.171875	0.03125	0.0	22.52381	0.53125	0.04358	0.00959
text	169	78230	23.418395	0.592662	0.960212	0.065081	0.181212	23.765625	0.03125	0.0	24.507937	0.5625	0.062187	0.012883
text	170	325761	20.303245	0.573343	0.960214	0.065998	0.183175	22.03125	0.03125	0.0	21.587302	0.5	0.044235	0.010398
text	171	112674	18.777337	0.536976	0.961085	0.065571	0.182163	22.796875	0.03125	0.0	23.0	0.5	0.051751	0.008918
text	172	260386	16.734289	0.508293	0.963232	0.060911	0.175922	22.0625	0.03125	0.0	22.412698	0.546875	0.044009	0.010514
text	173	180244	22.699763	0.592526	0.965889	0.057973	0.169241	25.21875	0.0	0.0	24.079365	0.515625	0.060177	0.012879
text	174	131570	20.325847	0.560976	0.963937	0.060812	0.173128	21.65625	0.015625	0.000481	19.873016	0.546875	0.045102	0.009782
text	175	412090	27.196617	0.623868	0.962541	0.063635	0.178584	25.078125	0.015625	0.0	22.571429	0.5	0.074578	0.011455
text	176	92672	22.153795	0.590532	0.962455	0.060956	0.17586	23.265625	0.046875	0.0	21.190476	0.515625	0.059193	0.012235
text	177	407306	29.426126	0.656027	0.957633	0.065486	0.188243	24.484375	0.0	0.0	22.142857	0.515625	0.066426	0.010553
text	178	237762	24.585296	0.608892	0.961865	0.061774	0.17828	24.515625	0.03125	0.0	21.968254	0.53125	0.053926	0.011818
text	179	417447	20.991849	0.578984	0.959955	0.066379	0.18501	23.15625	0.015625	0.0	21.825397	0.5625	0.04525	0.011124
text	180	187933	31.68295	0.658118	0.961904	0.062956	0.178348	21.046875	0.0	0.028606	21.365079	0.53125	0.071222	0.01257
text	181	135876	25.141785	0.610969	0.961549	0.063519	0.180083	25.71875	0.046875	0.0	23.126984	0.5625	0.068313	0.011484
text	182	232139	23.949974	0.606572	0.95958	0.064928	0.184501	23.078125	0.03125	0.0	23.761905	0.515625	0.064326	0.011601
text	183	12339	21.805111	0.57859	0.959192	0.065501	0.180997	21.0625	0.046875	0.027885	21.730159	0.53125	0.0584	0.011656
text	184	136023	21.729045	0.575219	0.962076	0.062929	0.178368	23.5625	0.015625	0.0	21.888889	0.515625	0.058654	0.011039
text	185	390856	28.560582	0.664056	0.956373	0.068997	0.191693	23.84375	0.03125	0.0	21.904762	0.53125	0.063416	0.0121
text	186	94218	25.468367	0.596319	0.960762	0.063453	0.181417	26.234375	0.015625	0.0	21.825397	0.515625	0.056183	0.011601
text	187	411990	24.74254	0.6081	0.960671	0.063756	0.180476	22.859375	0.03125	0.0	21.68254	0.578125	0.054997	0.011259
text	188	181759	23.095285	0.611198	0.960111	0.066101	0.186472	23.484375	0.015625	0.0	20.571429	0.515625	0.040168	0.010223
text	189	339831	21.133333	0.576581	0.962404	0.06132	0.178323	24.453125	0.015625	0.0	21.52381	0.546875	0.056904	0.01104
text	190	122599	25.520849	0.604887	0.96101	0.065267	0.183175	23.09375	0.046875	0.0	21.539683	0.53125	0.059331	0.010957
text	191	445423	20.429637	0.563719	0.96164	0.062668	0.179021	22.625	0.015625	0.0	23.253968	0.546875	0.054928	0.010511
text	192	214927	24.069517	0.587032	0.961546	0.063937	0.180412	22.640625	0.03125	0.0	21.746032	0.515625	0.05336	0.010913
text	193	98797	21.075442	0.566547	0.961186	0.063885	0.182451	21.40625	0.046875	0.012019	22.444444	0.515625	0.046965	0.009834
text	194	81394	22.305687	0.585087	0.962818	0.060975	0.176954	21.4375	0.0625	0.010577	22.095238	0.546875	0.049202	0.011294
text	195	183502	16.602968	0.531414	0.961272	0.062597	0.18118	20.53125	0.015625	0.052404	22.174603	0.5	0.035869	0.009461
text	196	434702	24.952799	0.608584	0.960712	0.062959	0.179919	23.078125	0.03125	0.0	21.825397	0.5625	0.066283	0.011738
text	197	385858	15.417627	0.484292	0.96329	0.062984	0.177608	23.109375	0.046875	0.0	21.47619	0.53125	0.04236	0.008048
text	198	241325	21.633746	0.569862	0.963801	0.061839	0.177032	24.859375	0.0	0.0	24.095238	0.5	0.048577	0.010476
text	199	256429	20.512366	0.553768	0.963668	0.059145	0.174785	23.578125	0.015625	0.0	22.952381	0.515625	0.055346	0.010292
text	200	312625	22.561604	0.572504	0.964489	0.060035	0.173047	22.578125	0.015625	0.0	21.761905	0.546875	0.060906	0.01077
text	201	417973	20.843348	0.565147	0.961993	0.06261	0.178399	25.21875	0.03125	0.0	22.015873	0.515625	0.055467	0.011418
text	202	270725	21.285537	0.604505	0.957824	0.065845	0.184699	22.609375	0.03125	0.0	21.142857	0.53125	0.046328	0.012183
text	203	296036	28.585737	0.629283	0.959759	0.06645	0.186057	23.25	0.046875	0.0	23.15873	0.609375	0.064554	0.011229
text	204	460097	22.290283	0.572386	0.961109	0.065705	0.18429	22.390625	0.015625	0.0	20.539683	0.53125	0.0396	0.009838
text	205	163756	24.14911	0.617247	0.960243	0.064664	0.183055	23.34375	0.03125	0.0	22.31746	0.5	0.053818	0.011161
text	206	210198	20.61998	0.573156	0.961533	0.064245	0.181683	23.109375	0.046875	0.0	22.793651	0.5	0.044775	0.011807
text	207	400014	22.827671	0.595967	0.962206	0.063454	0.177561	22.609375	0.015625	0.0	22.142857	0.53125	0.049396	0.013162
text	208	434543	25.378187	0.607136	0.96207	0.064198	0.181709	22.96875	0.03125	0.0	20.238095	0.53125	0.056973	0.011607
text	209	331241	18.925639	0.540813	0.964499	0.060184	0.174183	22.484375	0.015625	0.0	20.698413	0.515625	0.05022	0.010609
text	210	114749	20.650474	0.559765	0.960892	0.064686	0.181368	20.84375	0.03125	0.037981	21.793651	0.515625	0.044885	0.011322
text	211	199333	19.296197	0.530323	0.963143	0.063149	0.177462	22.21875	0.015625	0.0	23.603175	0.5	0.050978	0.012266
text	212	384895	25.462624	0.601711	0.960396	0.064668	0.182912	25.921875	0.015625	0.0	24.174603	0.53125	0.058575	0.010313
text	213	14133	22.342105	0.580259	0.96412	0.062731	0.175146	23.9375	0.046875	0.0	22.111111	0.53125	0.059646	0.011611
text	214	420410	27.712148	0.638838	0.959135	0.063311	0.18592	21.40625	0.015625	0.012019	23.333333	0.515625	0.061467	0.012004
text	215	260266	26.214236	0.614597	0.963501	0.060587	0.174575	23.828125	0.015625	0.0	23.0	0.515625	0.07014	0.012363
text	216	124173	24.857579	0.616	0.961166	0.06297	0.182311	21.640625	0.03125	0.001202	21.936508	0.53125	0.056892	0.011123
text	217	20131	22.682383	0.586266	0.962229	0.062715	0.177466	19.171875	0.046875	0.115144	21.603175	0.515625	0.061627	0.009712
text	218	313793	23.688351	0.614615	0.958467	0.067124	0.186618	21.640625	0.03125	0.001202	21.920635	0.546875	0.040858	0.01179
text	219	371500	25.371763	0.626764	0.961244	0.064325	0.181897	22.515625	0.0625	0.0	22.650794	0.53125	0.058527	0.010609
text	220	354009	22.316439	0.578668	0.961365	0.065933	0.182409	23.125	0.046875	0.0	22.809524	0.546875	0.059826	0.012235
text	221	426742	19.424979	0.557523	0.961695	0.063766	0.18096	23.484375	0.046875	0.0	24.269841	0.546875	0.042008	0.012442
text	222	187960	24.9165	0.640764	0.961312	0.065811	0.181783	21.59375	0.015625	0.003365	20.269841	0.546875	0.045875	0.011314
text	223	3820	23.035975	0.590295	0.962481	0.061931	0.177138	23.15625	0.046875	0.0	21.825397	0.515625	0.063161	0.009898
text	224	262193	20.733268	0.574418	0.960584	0.066402	0.187422	24.71875	0.03125	0.0	24.079365	0.515625	0.036746	0.009512
text	225	31880	23.712303	0.621526	0.959716	0.065702	0.183763	25.8125	0.0	0.0	23.301587	0.515625	0.040518	0.012599
text	226	318466	25.114242	0.619804	0.95909	0.06597	0.185288	22.609375	0.03125	0.0	22.825397	0.515625	0.055973	0.010237
text	227	410917	26.101047	0.61842	0.961926	0.066022	0.182191	21.75	0.015625	0.0	24.142857	0.53125	0.05981	0.010866
text	228	1486	28.567965	0.616493	0.961097	0.064513	0.181226	21.03125	0.046875	0.029327	19.857143	0.5625	0.077745	0.012537
text	229	272735	21.92907	0.581202	0.962102	0.0619	0.178266	23.1875	0.046875	0.0	23.412698	0.53125	0.05832	0.011464
text	230	432028	20.825749	0.563671	0.960702	0.065432	0.184538	23.125	0.0	0.0	24.31746	0.5625	0.046693	0.009493
text	231	224428	21.99088	0.600893	0.957839	0.069703	0.189462	23.359375	0.03125	0.0	21.761905	0.5625	0.048465	0.012173
text	232	243163	22.458484	0.566627	0.963666	0.06115	0.176568	23.15625	0.015625	0.0	23.365079	0.5	0.062235	0.010394
text	233	224856	25.70308	0.624568	0.956643	0.075411	0.196828	21.75	0.0	0.0	22.68254	0.53125	0.030891	0.009949
text	234	337716	22.001109	0.570661	0.959891	0.066759	0.185981	23.78125	0.03125	0.0	22.52381	0.546875	0.048502	0.009053
text	235	321341	20.468745	0.553089	0.963179	0.062896	0.178342	20.578125	0.03125	0.05024	22.095238	0.578125	0.054151	0.012233
text	236	251079	20.902703	0.582753	0.962113	0.060923	0.17608	26.28125	0.0	0.0	23.904762	0.53125	0.0463	0.010112
text	237	338951	24.072854	0.629572	0.958997	0.064416	0.182445	21.953125	0.03125	0.0	23.333333	0.515625	0.05342	0.012304
text	238	405610	23.798288	0.597251	0.959855	0.063222	0.184588	22.75	0.015625	0.0	22.52381	0.53125	0.05324	0.00997
text	239	83590	18.857023	0.539268	0.962241	0.061968	0.178953	26.53125	0.03125	0.0	22.492063	0.609375	0.05028	0.010843
text	240	386739	19.683487	0.547499	0.962519	0.0608	0.179758	22.09375	0.03125	0.0	22.142857	0.5	0.053417	0.009555
text	241	292676	21.795991	0.575639	0.961992	0.061875	0.177073	22.765625	0.03125	0.0	22.253968	0.53125	0.05733	0.011539
text	242	291352	32.257023	0.682818	0.958139	0.067478	0.18931	22.75	0.03125	0.0	23.031746	0.5	0.059008	0.01263
text	243	123162	27.202288	0.663315	0.960067	0.063904	0.184138	24.40625	0.03125	0.0	23.174603	0.53125	0.0605	0.011586
text	244	383563	23.603109	0.603117	0.960524	0.064138	0.18166	21.953125	0.046875	0.0	21.984127	0.5	0.065293	0.010923
text	245	415049	18.68656	0.542091	0.963287	0.061324	0.175234	22.8125	0.046875	0.0	22.047619	0.546875	0.05105	0.009807
text	246	386100	20.546215	0.552135	0.963996	0.061278	0.176893	23.078125	0.015625	0.0	22.206349	0.53125	0.046843	0.010847
text	247	452229	19.362357	0.5437	0.962031	0.063616	0.180302	23.59375	0.015625	0.0	22.777778	0.5	0.044022	0.010551
text	248	334106	27.138468	0.657934	0.960817	0.062784	0.181895	23.78125	0.03125	0.0	22.968254	0.515625	0.06122	0.011162
text	249	6106	26.714496	0.630745	0.96154	0.065797	0.182808	22.125	0.046875	0.0	22.492063	0.53125	0.047042	0.012397
text	250	323817	21.993294	0.589439	0.960886	0.063634	0.182228	21.640625	0.046875	0.001202	22.079365	0.5	0.047785	0.010017
text	251	192741	23.860561	0.586218	0.958874	0.065234	0.184981	22.90625	0.0625	0.0	23.063492	0.53125	0.053182	0.012114
text	252	58873	25.44567	0.633893	0.949623	0.079458	0.209852	21.453125	0.03125	0.009856	21.904762	0.53125	0.028266	0.010691
text	253	454371	22.661289	0.618148	0.957933	0.064439	0.185509	22.6875	0.03125	0.0	21.492063	0.515625	0.048426	0.012753
text	254	116371	22.441562	0.587901	0.961442	0.064947	0.179986	21.90625	0.015625	0.0	22.15873	0.609375	0.060281	0.011078
text	255	76577	21.935203	0.57906	0.96319	0.059768	0.174763	25.859375	0.015625	0.0	23.47619	0.515625	0.059045	0.011215
text	256	72868	20.745328	0.567285	0.961198	0.063116	0.179935	25.046875	0.03125	0.0	22.507937	0.53125	0.055011	0.012239
text	257	47461	21.708432	0.575078	0.96176	0.06118	0.178196	23.296875	0.03125	0.0	22.857143	0.515625	0.058616	0.010712
text	258	214791	24.451901	0.595238	0.960762	0.064102	0.18207	23.25	0.015625	0.0	22.47619	0.53125	0.06541	0.011739
text	259	323948	27.068358	0.6384	0.959808	0.064248	0.183417	23.078125	0.015625	0.0	22.0	0.53125	0.047513	0.011087
text	260	54637	22.536676	0.569255	0.958068	0.068132	0.190741	22.625	0.046875	0.0	21.714286	0.5625	0.039329	0.010685
text	261	103133	34.106837	0.672778	0.959855	0.065909	0.18695	23.96875	0.03125	0.0	21.984127	0.546875	0.060866	0.011442
text	262	287997	19.593149	0.557997	0.959476	0.063827	0.183599	23.828125	0.046875	0.0	23.095238	0.5	0.043171	0.009933
text	263	304658	20.828044	0.577439	0.962538	0.061085	0.177423	20.796875	0.03125	0.040144	23.47619	0.53125	0.055972	0.01099
text	264	263484	22.494297	0.587023	0.959291	0.064516	0.184263	21.015625	0.046875	0.030048	20.142857	0.546875	0.060712	0.011284
text	265	201057	23.500413	0.581199	0.963455	0.060605	0.178352	22.5625	0.03125	0.0	21.269841	0.546875	0.063172	0.011204
text	266	252740	22.527709	0.593195	0.959811	0.0637	0.183042	20.953125	0.03125	0.032933	22.222222	0.5	0.050137	0.00966
text	267	345117	26.511643	0.643086	0.944628	0.092089	0.222514	23.703125	0.015625	0.0	22.650794	0.515625	0.028154	0.0087
text	268	461779	25.111701	0.608671	0.961865	0.065507	0.18258	23.921875	0.0	0.0	23.539683	0.546875	0.045469	0.010408
text	269	443370	25.805119	0.60636	0.961196	0.064938	0.182013	22.890625	0.03125	0.0	24.269841	0.515625	0.058054	0.011379
text	270	442876	23.666781	0.603523	0.961	0.061732	0.180141	25.203125	0.015625	0.0	22.984127	0.515625	0.052465	0.009462
text	271	265263	24.153953	0.566235	0.962826	0.062124	0.177579	24.8125	0.03125	0.0	23.714286	0.546875	0.065388	0.010274
text	272	200730	23.206597	0.599559	0.959649	0.062505	0.180539	21.359375	0.03125	0.014183	22.698413	0.515625	0.062025	0.011162
text	273	427977	25.647565	0.597845	0.962011	0.064033	0.180007	21.796875	0.046875	0.0	22.301587	0.5	0.069775	0.011631
text	274	138510	20.186424	0.559512	0.962071	0.062761	0.179514	22.90625	0.015625	0.0	21.952381	0.515625	0.054661	0.011352
text	275	450792	27.144753	0.624441	0.959615	0.063556	0.184909	22.515625	0.046875	0.0	22.571429	0.515625	0.061384	0.011056
text	276	15985	26.320966	0.63527	0.958294	0.06641	0.188081	24.15625	0.015625	0.0	23.412698	0.53125	0.045137	0.012262
text	277	60103	23.420979	0.59373	0.960039	0.068234	0.185142	22.46875	0.015625	0.0	22.31746	0.53125	0.039839	0.009496
text	278	280425	24.787703	0.610286	0.960354	0.063248	0.179558	22.078125	0.046875	0.0	22.301587	0.5	0.066514	0.012417
text	279	158930	22.626262	0.554015	0.962591	0.063097	0.177508	22.71875	0.03125	0.0	21.730159	0.515625	0.062311	0.009515
text	280	358442	22.713369	0.587072	0.961453	0.061286	0.177833	24.890625	0.046875	0.0	23.206349	0.546875	0.060901	0.011064
text	281	406562	28.167219	0.661863	0.961486	0.065692	0.182064	21.546875	0.046875	0.005529	21.730159	0.53125	0.065009	0.011941
text	282	435839	18.437641	0.546337	0.962257	0.06448	0.178711	23.90625	0.0625	0.0	23.31746	0.578125	0.049539	0.011058
text	283	120101	21.632891	0.563071	0.961477	0.062516	0.179799	22.75	0.015625	0.0	22.888889	0.5	0.059431	0.010027
text	284	398725	26.112806	0.619665	0.957171	0.069982	0.18843	21.15625	0.015625	0.023558	21.539683	0.515625	0.057865	0.011997
text	285	277496	18.704667	0.542048	0.962915	0.064087	0.177852	21.609375	0.03125	0.002644	21.285714	0.53125	0.04156	0.010613
text	286	291938	24.801225	0.606936	0.961649	0.063779	0.181872	22.109375	0.03125	0.0	21.761905	0.546875	0.055578	0.009861
text	287	444880	28.889876	0.680674	0.957936	0.066762	0.188678	22.109375	0.046875	0.0	23.714286	0.5	0.062924	0.012019
text	288	21801	27.414598	0.660423	0.957627	0.065209	0.18681	25.875	0.03125	0.0	24.714286	0.515625	0.059509	0.011125
text	289	128760	28.069634	0.656588	0.96076	0.063892	0.180248	20.515625	0.078125	0.053125	23.761905	0.515625	0.060635	0.011916
text	290	423388	25.292521	0.661274	0.955513	0.067848	0.192802	24.875	0.015625	0.0	22.746032	0.5625	0.042279	0.011952
text	291	445231	18.944768	0.535568	0.963374	0.061525	0.174806	22.625	0.03125	0.0	22.063492	0.546875	0.050871	0.011324
text	292	385733	18.390822	0.536639	0.963238	0.063161	0.176777	19.390625	0.03125	0.105048	22.84127	0.515625	0.039891	0.009938
text	293	135023	19.099612	0.512084	0.964792	0.059968	0.171196	20.90625	0.046875	0.035096	22.365079	0.53125	0.052479	0.009636
text	294	124165	20.743753	0.549716	0.963625	0.061441	0.175328	19.359375	0.03125	0.10649	22.333333	0.578125	0.05496	0.012315
text	295	121647	23.79368	0.586727	0.963534	0.061629	0.176283	23.625	0.015625	0.0	25.206349	0.5625	0.051525	0.01202
text	296	43194	19.155605	0.541222	0.963744	0.062256	0.174489	24.5	0.03125	0.0	23.47619	0.53125	0.050913	0.011675
text	297	315701	21.097587	0.575846	0.963595	0.064579	0.177874	23.0	0.03125	0.0	23.079365	0.546875	0.047614	0.009903
text	298	27840	31.096608	0.618515	0.962482	0.062705	0.178158	23.265625	0.015625	0.0	20.619048	0.515625	0.069323	0.010852
text	299	426092	25.194409	0.624818	0.960011	0.06277	0.181439	21.6875	0.015625	0.0	20.111111	0.546875	0.067558	0.013328
